X,Y,label,Var4
-5.364451,-0.8303319,failed_prog,failed_prog
-5.005652,-1.0194197,failed_prog,failed_prog
-4.9287977,-0.961271,failed_prog,failed_prog
-6.5840993,-1.3245077,reprogrammed_prog,failed_prog
-4.4649096,-1.6179411,failed_prog,failed_prog
-5.3453636,-1.7176782,failed_prog,failed_prog
-2.6359954,-1.3216565,failed_prog,failed_prog
-4.475332,0.19610775,reprogrammed_prog,failed_prog
-3.871905,-0.3941353,failed_prog,failed_prog
-3.274783,-0.5452151,failed_prog,failed_prog
-2.481046,-0.68473196,failed_prog,failed_prog
-4.8023925,-0.069818914,failed_prog,failed_prog
-3.9433916,0.21712236,failed_prog,failed_prog
-4.656991,-1.2159433,failed_prog,failed_prog
-4.860211,-0.21438839,failed_prog,failed_prog
-5.2839828,0.2039204,failed_prog,failed_prog
-4.626068,-0.66217124,reprogrammed_prog,failed_prog
-4.4093266,-0.74010795,failed_prog,failed_prog
-3.733158,-1.5408881,failed_prog,failed_prog
-4.293132,-1.9108031,failed_prog,failed_prog
-4.4229574,-1.3633597,failed_prog,failed_prog
-4.3540893,-0.991492,failed_prog,failed_prog
-4.401787,-1.1063617,failed_prog,failed_prog
-4.9317923,-1.1589042,failed_prog,failed_prog
-5.1589117,-0.8085683,failed_prog,failed_prog
-4.730481,-2.0821784,failed_prog,failed_prog
-4.6281023,0.677557,failed_prog,failed_prog
-5.2845483,-0.73299074,failed_prog,failed_prog
-5.0072575,0.09588922,failed_prog,failed_prog
4.6162677,2.0944607,failed_prog,failed_prog
-5.20452,-0.99203694,failed_prog,failed_prog
-5.151154,-0.65801466,failed_prog,failed_prog
-4.8475814,0.31138015,failed_prog,failed_prog
-5.2055807,-1.2003852,failed_prog,failed_prog
-5.1984653,-1.2670218,failed_prog,failed_prog
-3.8780496,-0.5183034,failed_prog,failed_prog
-4.9018354,0.11794273,failed_prog,failed_prog
-4.885186,-1.2966979,failed_prog,failed_prog
-5.004222,0.052266654,failed_prog,failed_prog
-5.088677,-1.2626387,failed_prog,failed_prog
-4.477735,-1.4389594,failed_prog,failed_prog
-4.6065736,-1.6811182,failed_prog,failed_prog
4.419063,2.0386157,failed_prog,failed_prog
-4.726585,0.2262785,failed_prog,failed_prog
-4.4392357,-1.2877647,failed_prog,failed_prog
-3.805356,-1.3536228,failed_prog,failed_prog
-5.036306,-0.45340952,failed_prog,failed_prog
-6.793079,-0.042378064,failed_prog,failed_prog
-5.2625113,-0.8683383,reprogrammed_prog,failed_prog
-5.791293,-1.9284387,reprogrammed_prog,failed_prog
-4.172063,-0.3807531,failed_prog,failed_prog
-4.725647,-0.40991747,failed_prog,failed_prog
-4.497303,-0.32064193,failed_prog,failed_prog
-4.875239,-0.104512244,failed_prog,failed_prog
-4.107329,-1.7774377,failed_prog,failed_prog
-4.899212,-0.16342913,failed_prog,failed_prog
-2.9999528,-0.2810595,failed_prog,failed_prog
-4.3847594,-1.0129638,failed_prog,failed_prog
-4.223209,-0.48216543,failed_prog,failed_prog
-5.332343,-1.1775519,failed_prog,failed_prog
-4.830666,-0.6655702,failed_prog,failed_prog
-4.1483912,-1.8059825,reprogrammed_prog,failed_prog
-4.924234,0.09828338,failed_prog,failed_prog
-5.2417154,-0.18179959,failed_prog,failed_prog
-4.677322,-1.0886489,failed_prog,failed_prog
-4.895445,-0.14047652,reprogrammed_prog,failed_prog
-4.9714475,-0.71190053,failed_prog,failed_prog
-5.105224,0.13622615,failed_prog,failed_prog
-4.8712206,-1.4322485,failed_prog,failed_prog
-5.170187,-0.10562359,reprogrammed_prog,failed_prog
-5.2375355,0.04301122,failed_prog,failed_prog
-4.409616,-0.5000277,failed_prog,failed_prog
-4.8441854,-1.4551053,failed_prog,failed_prog
-5.2483287,-0.84022737,failed_prog,failed_prog
-4.9643674,-1.7100616,failed_prog,failed_prog
-5.24409,1.3571895,failed_prog,failed_prog
-4.3952327,-0.25252062,failed_prog,failed_prog
-4.93383,-0.28611287,failed_prog,failed_prog
-4.8983245,-0.9791148,failed_prog,failed_prog
-4.724165,-1.4952822,reprogrammed_prog,failed_prog
-5.153481,-1.582933,failed_prog,failed_prog
-4.902769,-1.874936,failed_prog,failed_prog
-5.1193566,-0.1071793,failed_prog,failed_prog
-4.713495,-0.33686534,failed_prog,failed_prog
-4.893855,-1.6605681,failed_prog,failed_prog
-5.5491247,0.39083132,failed_prog,failed_prog
-4.750816,-0.661114,failed_prog,failed_prog
-5.0194607,-0.32682246,failed_prog,failed_prog
-3.8823252,-1.1904184,failed_prog,failed_prog
-5.1401167,-0.42155838,reprogrammed_prog,failed_prog
-3.9446912,-1.71928,failed_prog,failed_prog
-4.5683103,-1.6795167,failed_prog,failed_prog
-5.3302855,-0.84496874,failed_prog,failed_prog
-4.7363315,-1.2792473,failed_prog,failed_prog
-4.1513915,-1.2178811,failed_prog,failed_prog
-5.101093,-1.5589138,failed_prog,failed_prog
-5.1058645,-0.7517963,failed_prog,failed_prog
-5.2053356,-0.58007544,failed_prog,failed_prog
-3.6626434,-1.5163364,failed_prog,failed_prog
-4.764595,-1.1335208,reprogrammed_prog,failed_prog
-4.241767,-1.4592314,failed_prog,failed_prog
-4.809015,-0.84990966,failed_prog,failed_prog
-4.6786294,-0.5588748,failed_prog,failed_prog
-4.3736873,-0.5890076,failed_prog,failed_prog
-4.9735155,-0.19563042,failed_prog,failed_prog
-5.099036,-1.685913,failed_prog,failed_prog
-4.1605053,-0.96627915,failed_prog,failed_prog
-4.7346315,-1.434325,failed_prog,failed_prog
-4.336889,-1.4510484,failed_prog,failed_prog
-5.040785,-1.870455,failed_prog,failed_prog
-4.6616282,0.11441668,failed_prog,failed_prog
-4.3760986,-1.2161539,failed_prog,failed_prog
-4.6724234,-1.0684025,failed_prog,failed_prog
-5.1805015,0.26875824,reprogrammed_prog,failed_prog
-5.106314,0.20970334,reprogrammed_prog,failed_prog
-5.249264,0.9917867,failed_prog,failed_prog
-5.40551,-0.091945015,failed_prog,failed_prog
-5.325197,0.34464177,failed_prog,failed_prog
-5.1414075,0.21752053,reprogrammed_prog,failed_prog
-4.883787,1.0397795,failed_prog,failed_prog
-4.6591377,-0.06361521,failed_prog,failed_prog
-5.382976,0.08786152,failed_prog,failed_prog
-5.0841565,-0.046147384,failed_prog,failed_prog
-4.9504333,0.581076,failed_prog,failed_prog
-4.4705567,0.12516752,reprogrammed_prog,failed_prog
-3.0751462,0.057909515,reprogrammed_prog,failed_prog
-4.919536,-0.6159191,failed_prog,failed_prog
-2.147916,-0.6711071,reprogrammed_prog,failed_prog
-5.211334,0.61947393,failed_prog,failed_prog
-4.6432385,-0.2163626,failed_prog,failed_prog
-2.6714232,0.3875413,failed_prog,failed_prog
-3.0182345,-0.6153908,failed_prog,failed_prog
-2.863406,-0.5222963,failed_prog,failed_prog
-2.718472,-0.96145415,failed_prog,failed_prog
-3.367829,-0.36279273,reprogrammed_prog,failed_prog
-3.0578616,-1.1692629,failed_prog,failed_prog
-5.0616193,-0.59432864,failed_prog,failed_prog
-3.9320357,-0.72834116,failed_prog,failed_prog
-3.466844,0.21396986,failed_prog,failed_prog
-4.297227,-1.4387339,failed_prog,failed_prog
-3.0066917,0.08145428,failed_prog,failed_prog
-3.536718,-0.69023705,reprogrammed_prog,failed_prog
-4.5138564,0.81887484,reprogrammed_prog,failed_prog
-4.5214887,0.1507261,failed_prog,failed_prog
-3.8539567,-1.6879994,failed_prog,failed_prog
-4.444046,-0.26352993,failed_prog,failed_prog
-2.94954,-0.89173365,failed_prog,failed_prog
-4.011976,-1.1093973,failed_prog,failed_prog
-5.3810654,0.0189378,failed_prog,failed_prog
-4.005448,-1.6684847,failed_prog,failed_prog
-3.8622217,-0.5992695,failed_prog,failed_prog
-4.7408724,-0.83535445,failed_prog,failed_prog
-5.2186875,-0.81888235,reprogrammed_prog,failed_prog
-3.537521,-0.36838183,failed_prog,failed_prog
-3.7889266,0.46521345,reprogrammed_prog,failed_prog
-3.7005978,-0.2676409,failed_prog,failed_prog
-4.23402,-0.26888022,failed_prog,failed_prog
-4.780106,0.16511516,failed_prog,failed_prog
-3.8898292,-1.6489377,failed_prog,failed_prog
-2.8688388,0.02899953,failed_prog,failed_prog
-4.0368323,-0.9827444,failed_prog,failed_prog
-2.764567,0.114918195,failed_prog,failed_prog
-3.8533347,-0.5124355,reprogrammed_prog,failed_prog
-3.419481,-1.2341222,failed_prog,failed_prog
-3.3303854,-0.4372247,failed_prog,failed_prog
-3.944813,-1.3115971,reprogrammed_prog,failed_prog
-4.842034,0.47126782,failed_prog,failed_prog
-3.0706635,-0.07287521,failed_prog,failed_prog
-4.114517,0.12334792,failed_prog,failed_prog
-5.194214,0.020804197,failed_prog,failed_prog
-3.7552454,-0.99594873,failed_prog,reprogrammed_prog
-5.834593,-0.077398546,reprogrammed_prog,reprogrammed_prog
-4.530123,0.35161835,failed_prog,reprogrammed_prog
-6.684309,0.40921667,reprogrammed_prog,reprogrammed_prog
-4.495682,-0.3298003,reprogrammed_prog,reprogrammed_prog
-4.4255133,-0.31012315,reprogrammed_prog,reprogrammed_prog
-4.1064844,-0.6856027,reprogrammed_prog,reprogrammed_prog
-4.464422,0.60858685,reprogrammed_prog,reprogrammed_prog
-4.349502,0.05623776,reprogrammed_prog,reprogrammed_prog
-4.603993,0.72428936,reprogrammed_prog,reprogrammed_prog
-4.2691526,0.81154317,reprogrammed_prog,reprogrammed_prog
-4.0295825,0.4221289,reprogrammed_prog,reprogrammed_prog
-4.38363,0.5789074,reprogrammed_prog,reprogrammed_prog
-4.371595,-0.32827613,reprogrammed_prog,reprogrammed_prog
-4.758684,1.4341098,reprogrammed_prog,reprogrammed_prog
-3.9531105,0.25234935,reprogrammed_prog,reprogrammed_prog
-4.1869917,0.30456483,reprogrammed_prog,reprogrammed_prog
-3.8597798,-0.3550138,reprogrammed_prog,reprogrammed_prog
-3.4880822,0.64408123,reprogrammed_prog,reprogrammed_prog
-4.0925956,0.21492612,reprogrammed_prog,reprogrammed_prog
-4.616623,0.4256542,reprogrammed_prog,reprogrammed_prog
-4.4793725,1.0582771,reprogrammed_prog,reprogrammed_prog
-4.299181,0.6169642,reprogrammed_prog,reprogrammed_prog
-3.8813884,-0.30781022,reprogrammed_prog,reprogrammed_prog
-4.62567,0.19949298,failed_prog,reprogrammed_prog
-4.466521,0.46397695,failed_prog,reprogrammed_prog
-4.036513,-1.2474035,reprogrammed_prog,reprogrammed_prog
-5.0251656,1.1656357,failed_prog,reprogrammed_prog
-3.900938,0.043506682,reprogrammed_prog,reprogrammed_prog
-4.402393,-0.48016235,reprogrammed_prog,reprogrammed_prog
-4.92009,1.2510543,reprogrammed_prog,reprogrammed_prog
-4.3976235,0.970036,reprogrammed_prog,reprogrammed_prog
-4.6093383,1.3903227,reprogrammed_prog,reprogrammed_prog
-4.7028637,1.4732352,reprogrammed_prog,reprogrammed_prog
-4.876572,1.517741,reprogrammed_prog,reprogrammed_prog
-5.215359,1.2438465,reprogrammed_prog,reprogrammed_prog
-5.0451207,1.3019058,reprogrammed_prog,reprogrammed_prog
-5.227947,1.2590603,reprogrammed_prog,reprogrammed_prog
-4.222722,0.8737102,reprogrammed_prog,reprogrammed_prog
-3.6372883,1.1532289,reprogrammed_prog,reprogrammed_prog
-5.033211,1.4027996,reprogrammed_prog,reprogrammed_prog
-4.5237937,0.81928307,reprogrammed_prog,reprogrammed_prog
-4.5314384,1.0391285,reprogrammed_prog,reprogrammed_prog
-4.2787986,-0.62101907,reprogrammed_prog,reprogrammed_prog
-5.036951,0.7776236,reprogrammed_prog,reprogrammed_prog
-4.720732,1.5220455,reprogrammed_prog,reprogrammed_prog
-5.132203,0.99174345,reprogrammed_prog,reprogrammed_prog
-4.6426287,0.9795051,failed_prog,reprogrammed_prog
-4.557988,1.0745631,failed_prog,reprogrammed_prog
-3.9448376,0.8783799,failed_prog,reprogrammed_prog
-4.687467,0.5545885,reprogrammed_prog,reprogrammed_prog
-4.4473033,0.8556933,reprogrammed_prog,reprogrammed_prog
-4.460621,0.9552953,reprogrammed_prog,reprogrammed_prog
-4.5728307,0.18017636,reprogrammed_prog,reprogrammed_prog
-4.769556,0.668943,failed_prog,reprogrammed_prog
-4.973123,1.2425272,failed_prog,reprogrammed_prog
-4.65901,0.74502385,failed_prog,reprogrammed_prog
-4.96024,1.0341368,reprogrammed_prog,reprogrammed_prog
-5.2936797,1.6360888,reprogrammed_prog,reprogrammed_prog
-4.802582,1.1785705,reprogrammed_prog,reprogrammed_prog
-4.789267,1.5653249,failed_prog,reprogrammed_prog
-4.502341,1.0423304,reprogrammed_prog,reprogrammed_prog
-4.465606,1.1306837,reprogrammed_prog,reprogrammed_prog
-4.758066,1.4922942,reprogrammed_prog,reprogrammed_prog
-4.1094494,0.60999006,reprogrammed_prog,reprogrammed_prog
-4.519846,1.2168899,reprogrammed_prog,reprogrammed_prog
-3.6995332,-1.7269742,reprogrammed_prog,reprogrammed_prog
-4.322899,1.3410434,reprogrammed_prog,reprogrammed_prog
-4.275201,0.77141184,reprogrammed_prog,reprogrammed_prog
-4.721455,1.0156854,reprogrammed_prog,reprogrammed_prog
-4.602263,1.3711166,reprogrammed_prog,reprogrammed_prog
-5.2783737,1.4735214,reprogrammed_prog,reprogrammed_prog
-4.6220946,1.3487027,reprogrammed_prog,reprogrammed_prog
-4.6973443,1.7047596,reprogrammed_prog,reprogrammed_prog
-4.629803,1.599141,reprogrammed_prog,reprogrammed_prog
-4.7121835,2.180449,reprogrammed_prog,reprogrammed_prog
-4.332764,1.492149,reprogrammed_prog,reprogrammed_prog
-5.7395344,2.3728757,reprogrammed_prog,reprogrammed_prog
-4.13016,0.9981073,reprogrammed_prog,reprogrammed_prog
-4.854866,1.580179,reprogrammed_prog,reprogrammed_prog
-4.3303695,1.0348221,reprogrammed_prog,reprogrammed_prog
-4.6680136,0.70919764,reprogrammed_prog,reprogrammed_prog
-4.5607696,1.6229619,reprogrammed_prog,reprogrammed_prog
-4.874122,1.734351,reprogrammed_prog,reprogrammed_prog
-4.548521,1.2940942,reprogrammed_prog,reprogrammed_prog
-5.1278276,1.6447047,reprogrammed_prog,reprogrammed_prog
-4.5582247,1.0464355,reprogrammed_prog,reprogrammed_prog
-4.8027096,1.0231259,reprogrammed_prog,reprogrammed_prog
-4.657066,1.4597198,reprogrammed_prog,reprogrammed_prog
-5.6714473,1.5999964,failed_prog,reprogrammed_prog
-4.5102425,1.346471,reprogrammed_prog,reprogrammed_prog
-5.0414643,-0.023692323,reprogrammed_prog,reprogrammed_prog
-4.5290537,0.9174459,reprogrammed_prog,reprogrammed_prog
-4.869723,1.31403,reprogrammed_prog,reprogrammed_prog
-4.6057806,1.484234,reprogrammed_prog,reprogrammed_prog
-4.5861483,0.6590511,failed_prog,reprogrammed_prog
-4.9380817,1.2224147,reprogrammed_prog,reprogrammed_prog
-2.249844,-1.4072229,failed_prog,reprogrammed_prog
-4.321059,1.4182016,reprogrammed_prog,reprogrammed_prog
-4.44574,1.0243821,reprogrammed_prog,reprogrammed_prog
-3.324503,0.4830816,reprogrammed_prog,reprogrammed_prog
-4.3403487,0.7615061,reprogrammed_prog,reprogrammed_prog
-4.3430095,0.70158094,reprogrammed_prog,reprogrammed_prog
-3.051244,-0.9600893,reprogrammed_prog,reprogrammed_prog
-3.7980661,0.3265696,reprogrammed_prog,reprogrammed_prog
-4.420179,0.0997174,reprogrammed_prog,reprogrammed_prog
-3.9683325,0.048513442,reprogrammed_prog,reprogrammed_prog
-3.6707072,0.24083993,reprogrammed_prog,reprogrammed_prog
-3.8578296,0.06417941,reprogrammed_prog,reprogrammed_prog
-3.822636,0.26030526,reprogrammed_prog,reprogrammed_prog
-4.279522,0.04181508,reprogrammed_prog,reprogrammed_prog
-3.2450948,-0.7177013,reprogrammed_prog,reprogrammed_prog
-4.5849752,0.9278318,reprogrammed_prog,reprogrammed_prog
-4.316725,0.70183307,reprogrammed_prog,reprogrammed_prog
-4.0608892,0.7306449,reprogrammed_prog,reprogrammed_prog
-4.2845273,0.6082622,reprogrammed_prog,reprogrammed_prog
-2.9639854,-1.077534,reprogrammed_prog,reprogrammed_prog
-4.341921,1.0125265,reprogrammed_prog,reprogrammed_prog
-4.2834396,0.83145094,reprogrammed_prog,reprogrammed_prog
-3.9583693,0.39001387,reprogrammed_prog,reprogrammed_prog
-3.7661638,0.3127016,reprogrammed_prog,reprogrammed_prog
-4.258192,0.4187248,failed_prog,reprogrammed_prog
-3.0544064,-1.536367,reprogrammed_prog,reprogrammed_prog
-4.87438,0.8474431,reprogrammed_prog,reprogrammed_prog
-4.4382186,1.2350254,reprogrammed_prog,reprogrammed_prog
-4.483297,0.92301846,reprogrammed_prog,reprogrammed_prog
-3.9637756,0.5320475,reprogrammed_prog,reprogrammed_prog
-4.6624036,0.930051,reprogrammed_prog,reprogrammed_prog
-5.118653,0.9707036,reprogrammed_prog,reprogrammed_prog
-3.8659375,0.6170533,reprogrammed_prog,reprogrammed_prog
-4.1410847,0.19058317,reprogrammed_prog,reprogrammed_prog
-3.4633398,-0.49793234,reprogrammed_prog,reprogrammed_prog
-3.17923,-0.68727845,reprogrammed_prog,reprogrammed_prog
-3.5057485,-0.41570884,reprogrammed_prog,reprogrammed_prog
-4.0098014,0.34529778,reprogrammed_prog,reprogrammed_prog
-4.6269865,0.89260596,reprogrammed_prog,reprogrammed_prog
-4.836036,0.7188723,reprogrammed_prog,failed_prog
-3.2854445,-1.4053801,failed_prog,failed_prog
-3.8023653,-1.9886383,failed_prog,failed_prog
-4.012498,-2.1176038,failed_prog,failed_prog
-2.9012744,-1.3729749,failed_prog,failed_prog
-4.725463,-2.4533665,failed_prog,failed_prog
-4.116715,-2.25188,failed_prog,failed_prog
-4.9785285,-2.291366,failed_prog,failed_prog
-3.992404,-2.300055,failed_prog,failed_prog
-4.3633966,-2.1840577,failed_prog,failed_prog
-4.378197,-2.806154,failed_prog,failed_prog
-4.479102,-2.9548407,failed_prog,failed_prog
-4.798457,-2.1679516,failed_prog,failed_prog
-5.078013,-2.3098054,failed_prog,failed_prog
-3.9930887,-2.0867853,failed_prog,failed_prog
-4.3,-2.0074482,failed_prog,failed_prog
-4.391938,-2.268612,failed_prog,failed_prog
-4.535988,-1.7690437,failed_prog,failed_prog
-4.538552,-2.9485493,failed_prog,failed_prog
-4.605653,-2.4799833,failed_prog,failed_prog
-4.257748,-2.315036,failed_prog,failed_prog
-4.4055977,-2.2208104,failed_prog,failed_prog
-4.2110777,-2.3803022,failed_prog,failed_prog
-3.989062,-2.3569157,failed_prog,failed_prog
-4.5561805,-2.3675148,failed_prog,failed_prog
-4.0237064,-3.0557785,failed_prog,failed_prog
-3.9719594,-2.7074738,failed_prog,failed_prog
-4.551482,-2.8125114,failed_prog,failed_prog
-4.367872,-2.259913,failed_prog,failed_prog
-4.676373,-3.0322864,failed_prog,failed_prog
-4.6693807,-2.997554,failed_prog,failed_prog
-4.889684,-2.4868298,failed_prog,failed_prog
-4.535543,-2.1898847,failed_prog,failed_prog
-4.7491193,-2.6892757,failed_prog,failed_prog
-5.3919697,-2.6011207,failed_prog,failed_prog
-5.080938,-2.8113449,failed_prog,failed_prog
-5.0298715,-1.6849915,failed_prog,failed_prog
-4.6125293,-2.932799,failed_prog,failed_prog
-4.488293,-2.6003797,failed_prog,failed_prog
-4.745397,-2.6908183,failed_prog,failed_prog
-4.657148,-2.4745202,failed_prog,failed_prog
-4.2821755,-2.699055,failed_prog,failed_prog
-4.485552,-2.482554,failed_prog,failed_prog
-5.0363836,-2.7493007,failed_prog,failed_prog
-4.805118,-2.7139866,failed_prog,failed_prog
-4.9449725,-2.6550403,failed_prog,failed_prog
-4.2972565,-2.1590807,failed_prog,failed_prog
-4.049995,-1.8547443,failed_prog,failed_prog
-5.2069964,-2.2897046,failed_prog,failed_prog
-4.0529385,-1.851051,failed_prog,failed_prog
-4.3535976,-2.0628166,failed_prog,failed_prog
-3.9938333,-2.2881427,failed_prog,failed_prog
-3.4402041,-1.5091273,failed_prog,failed_prog
-4.3546095,-1.7328532,reprogrammed_prog,failed_prog
-3.4471395,-1.8308394,failed_prog,failed_prog
-4.327742,-2.890832,failed_prog,failed_prog
-3.8706882,-2.3597646,failed_prog,failed_prog
-3.8455298,-2.1016304,failed_prog,failed_prog
-4.436092,-2.8806365,failed_prog,failed_prog
-4.6345034,-2.8342247,failed_prog,failed_prog
-4.2072873,-2.587953,failed_prog,failed_prog
-4.7058144,-2.1604192,failed_prog,failed_prog
-4.4102373,-2.5725465,failed_prog,failed_prog
-4.747604,-2.1790898,failed_prog,failed_prog
-4.1408296,-2.5310256,failed_prog,failed_prog
-3.9290318,-2.0634997,failed_prog,failed_prog
-4.6060014,-1.8815589,failed_prog,failed_prog
-4.2341094,-2.2565188,failed_prog,failed_prog
-4.6118884,-2.608475,failed_prog,failed_prog
-4.499161,-2.4960108,failed_prog,failed_prog
-4.592073,-2.7604878,failed_prog,failed_prog
-4.522562,-2.5777373,failed_prog,failed_prog
-4.510081,-2.947419,failed_prog,failed_prog
-4.604588,-2.6809952,failed_prog,failed_prog
-4.6071067,-2.4355114,failed_prog,failed_prog
-4.0481815,-2.245393,failed_prog,failed_prog
-3.8495872,-1.8115838,failed_prog,failed_prog
-4.2299433,-2.4855614,failed_prog,failed_prog
-4.7701583,-2.7783601,failed_prog,failed_prog
-4.218122,-2.7107913,failed_prog,failed_prog
-4.373292,-2.3111405,failed_prog,failed_prog
-3.8687365,-1.746266,failed_prog,failed_prog
-4.5665913,-2.662112,failed_prog,failed_prog
-4.658489,-2.0439231,failed_prog,failed_prog
-3.2884953,-1.5153134,failed_prog,failed_prog
-4.1096473,-1.6221586,failed_prog,failed_prog
-3.6765325,-1.605155,failed_prog,failed_prog
-4.084559,-2.4041324,failed_prog,failed_prog
-3.693887,-1.4883729,failed_prog,failed_prog
-4.057918,-2.3425703,failed_prog,failed_prog
-4.6443057,-2.6806622,failed_prog,failed_prog
-4.7988567,-3.0245583,failed_prog,failed_prog
-4.2127123,-2.2944083,failed_prog,failed_prog
-4.0450153,-2.2057345,failed_prog,failed_prog
-5.250063,-2.0700867,failed_prog,failed_prog
-5.14947,-3.1960194,failed_prog,failed_prog
-4.181984,-2.6894574,failed_prog,failed_prog
-4.7016215,-3.0679505,failed_prog,failed_prog
-4.89669,-2.5335085,failed_prog,failed_prog
-5.540728,-2.4443078,failed_prog,failed_prog
-4.154594,-3.1724565,failed_prog,failed_prog
-4.7155724,-3.0993624,failed_prog,failed_prog
-5.083213,-2.413952,failed_prog,failed_prog
-5.185018,-2.8314648,failed_prog,failed_prog
-4.0332737,-3.4133387,failed_prog,failed_prog
-4.238884,-2.7876368,failed_prog,failed_prog
-4.414777,-3.1586618,failed_prog,failed_prog
-4.3211236,-2.0408351,failed_prog,failed_prog
-5.063185,-2.098801,failed_prog,failed_prog
-5.368074,-2.6210675,failed_prog,failed_prog
-4.9486756,-3.4914296,failed_prog,failed_prog
-4.4084373,-3.0225077,failed_prog,failed_prog
-4.8802824,-3.3877456,failed_prog,failed_prog
-4.830159,-2.2267134,failed_prog,failed_prog
-4.160994,-2.3321254,failed_prog,failed_prog
-5.091576,-3.3667712,failed_prog,failed_prog
-5.0826087,-2.7825186,failed_prog,failed_prog
-5.141875,-2.9842372,failed_prog,failed_prog
-5.284544,-2.0812063,failed_prog,failed_prog
-4.5684,-2.787451,failed_prog,failed_prog
-5.614311,-3.481406,failed_prog,failed_prog
-4.7515683,-3.6537743,failed_prog,failed_prog
-4.651497,-2.851226,failed_prog,failed_prog
-4.826328,-3.0647252,failed_prog,failed_prog
-4.824842,-3.1385565,failed_prog,failed_prog
-4.9158325,-1.1319823,failed_prog,failed_prog
-5.350057,-3.4132948,failed_prog,failed_prog
-4.7440233,-3.0289118,failed_prog,failed_prog
-5.007267,-2.989935,failed_prog,failed_prog
-5.061772,-3.5154777,failed_prog,failed_prog
-5.0558133,-2.7389328,failed_prog,failed_prog
-4.299955,-3.077136,failed_prog,failed_prog
-5.0974717,-2.944864,failed_prog,failed_prog
-5.0002165,-3.1382942,failed_prog,failed_prog
-4.89897,-3.2858126,failed_prog,failed_prog
-5.1953745,-3.216541,failed_prog,failed_prog
-4.777273,-2.2265291,failed_prog,failed_prog
-2.5787132,-3.007814,failed_prog,failed_prog
-4.93419,-2.9476354,failed_prog,failed_prog
-5.0950937,-3.2659233,failed_prog,failed_prog
-4.963811,-2.981241,failed_prog,failed_prog
-5.027492,-3.1619954,failed_prog,failed_prog
-5.1267195,-3.355289,failed_prog,failed_prog
-4.6506214,-3.3401568,failed_prog,failed_prog
-4.7304425,-2.950909,failed_prog,failed_prog
-4.993399,-2.3628004,failed_prog,failed_prog
-4.8249965,-3.212235,failed_prog,failed_prog
-4.9875746,-3.3073194,failed_prog,failed_prog
-4.708837,-3.070895,failed_prog,failed_prog
-5.135565,-2.933526,failed_prog,failed_prog
-4.6625943,-2.8092935,failed_prog,failed_prog
-5.131965,-3.2995946,failed_prog,failed_prog
-4.7721157,-2.579489,failed_prog,failed_prog
-4.2722898,-3.235699,failed_prog,failed_prog
-5.135386,-3.0858493,failed_prog,failed_prog
-4.6783123,-3.254168,failed_prog,failed_prog
-5.152059,-2.0856771,failed_prog,failed_prog
-4.219494,-3.6246364,failed_prog,failed_prog
-5.2240486,-2.9936643,failed_prog,failed_prog
-5.029773,-3.0683374,failed_prog,failed_prog
-4.7927246,-3.357913,failed_prog,failed_prog
-4.43331,-2.7635598,failed_prog,failed_prog
-4.713587,-3.220753,failed_prog,failed_prog
-4.691806,-3.5597365,failed_prog,failed_prog
-5.048094,-3.2368896,failed_prog,failed_prog
-5.0628953,-3.1104262,failed_prog,failed_prog
-4.6304846,-3.5538216,failed_prog,failed_prog
-5.086208,-2.7872314,failed_prog,failed_prog
-4.9798512,-3.326174,failed_prog,failed_prog
-3.948868,-2.6846027,failed_prog,failed_prog
-5.085198,-2.220839,failed_prog,failed_prog
-5.0237923,-2.837803,failed_prog,failed_prog
-5.072207,-2.6254225,failed_prog,failed_prog
-5.2132425,-2.1466975,failed_prog,failed_prog
-4.742416,-3.2690773,failed_prog,failed_prog
-4.9897137,-2.0653248,failed_prog,failed_prog
-5.0871844,-3.3325837,failed_prog,failed_prog
-5.1449823,-3.2817147,failed_prog,failed_prog
-4.852059,-3.3265395,failed_prog,failed_prog
-4.3972545,-3.3056383,failed_prog,failed_prog
-4.8691964,-3.3459706,reprogrammed_prog,failed_prog
-4.7176895,-3.194161,failed_prog,failed_prog
-4.627339,-2.7062857,failed_prog,failed_prog
-4.698268,-3.3492115,failed_prog,failed_prog
-4.793086,-3.2086158,failed_prog,failed_prog
-5.2085557,-2.9458694,failed_prog,failed_prog
-4.7649245,-3.4556725,failed_prog,failed_prog
-4.9945383,-3.3182878,failed_prog,failed_prog
-5.135878,-3.144874,failed_prog,failed_prog
-5.0718756,-3.1316807,failed_prog,failed_prog
-4.504132,-3.6144354,failed_prog,failed_prog
-5.070274,-2.7173321,failed_prog,failed_prog
-4.411287,-3.280391,failed_prog,failed_prog
-5.102295,-1.8917912,failed_prog,failed_prog
-5.069097,-1.5828815,failed_prog,failed_prog
-4.9581017,-3.1673126,failed_prog,failed_prog
-4.4315357,-3.9093492,failed_prog,failed_prog
-5.306284,-2.0479436,failed_prog,failed_prog
-4.6761727,-3.1968403,failed_prog,failed_prog
-4.9282737,-3.1889858,failed_prog,failed_prog
-4.735069,-2.944397,failed_prog,failed_prog
-4.9900694,-2.8009264,failed_prog,failed_prog
-4.738898,-1.6874775,failed_prog,failed_prog
-5.1664386,-3.0551405,failed_prog,failed_prog
-5.295399,-2.661031,failed_prog,failed_prog
-5.1902313,-2.6715608,failed_prog,failed_prog
-5.2687774,-2.9056802,failed_prog,failed_prog
-4.759473,-3.1273422,failed_prog,failed_prog
-4.747318,-3.2505639,failed_prog,failed_prog
-5.196064,-2.7923188,failed_prog,failed_prog
-5.0784492,-1.6291524,failed_prog,failed_prog
-5.0446296,-2.8070202,failed_prog,failed_prog
-5.1672664,-3.0680687,failed_prog,failed_prog
-4.7259355,-3.187418,failed_prog,failed_prog
-4.1776314,-4.3878226,failed_prog,failed_prog
-5.0863657,-2.5703135,failed_prog,failed_prog
-5.397112,-2.6597245,failed_prog,failed_prog
-4.5915813,-3.1704988,failed_prog,failed_prog
-5.1830325,-3.549721,failed_prog,failed_prog
-5.1488533,-2.9576988,failed_prog,failed_prog
-4.674165,-3.3105361,failed_prog,failed_prog
-4.859586,-3.3039305,failed_prog,failed_prog
-4.594433,-3.314197,failed_prog,failed_prog
-5.038945,-3.4494057,failed_prog,failed_prog
-4.8804994,-3.4629548,failed_prog,failed_prog
-4.7672486,-3.0584188,failed_prog,failed_prog
-5.089843,-1.953653,failed_prog,failed_prog
-4.9422054,-2.7172163,failed_prog,failed_prog
-4.9250836,-2.7053387,failed_prog,failed_prog
-5.040063,-2.211007,failed_prog,failed_prog
-5.2101626,-2.4389899,failed_prog,failed_prog
-4.7279177,-3.3234293,failed_prog,failed_prog
-4.28358,-3.5349236,failed_prog,failed_prog
-4.7831464,-2.789393,failed_prog,failed_prog
-4.3766975,-3.0421407,failed_prog,failed_prog
-5.0606093,-2.3263164,failed_prog,failed_prog
-4.848573,-3.3610842,failed_prog,failed_prog
-4.879428,-2.843281,failed_prog,failed_prog
-4.4688354,-2.767788,failed_prog,failed_prog
-4.673267,-2.2107604,failed_prog,failed_prog
-4.6220465,-3.2845693,failed_prog,failed_prog
-4.675475,-3.3886354,failed_prog,failed_prog
-4.9771404,-3.187144,failed_prog,failed_prog
-4.8518167,-3.3310463,failed_prog,failed_prog
-5.5882816,-2.9192722,failed_prog,failed_prog
-5.2461786,-2.8373702,failed_prog,failed_prog
-4.8856606,-3.3067386,failed_prog,failed_prog
-4.74844,-3.3264935,failed_prog,failed_prog
-2.6469045,-2.9592094,failed_prog,failed_prog
-4.610375,-3.1458926,failed_prog,failed_prog
-4.94584,-2.853762,failed_prog,failed_prog
-4.204885,-3.5326748,failed_prog,failed_prog
-4.0174522,-3.8720922,failed_prog,failed_prog
-5.4176807,-2.6364462,failed_prog,failed_prog
-4.995842,-3.497763,failed_prog,failed_prog
-5.049568,-3.4114342,failed_prog,failed_prog
-4.655761,-2.6961095,failed_prog,failed_prog
-4.89984,-3.7419546,failed_prog,failed_prog
-5.1362877,-3.0866117,failed_prog,failed_prog
-5.0253835,-2.6493218,failed_prog,failed_prog
-4.0832434,-2.7357771,failed_prog,failed_prog
-4.937867,-2.411895,failed_prog,failed_prog
-4.6322737,-3.39053,failed_prog,failed_prog
-4.598873,-2.9789097,failed_prog,failed_prog
-4.578189,-3.2716885,failed_prog,failed_prog
-4.6015186,-3.4305398,failed_prog,failed_prog
-5.1054893,-3.2297313,failed_prog,failed_prog
-4.9098454,-2.8847904,failed_prog,failed_prog
-4.722284,-3.4461746,failed_prog,failed_prog
-4.738754,-3.0737994,failed_prog,failed_prog
-4.688383,-3.3290505,failed_prog,failed_prog
-4.8763933,-3.1095297,failed_prog,failed_prog
-5.09166,-2.1183565,failed_prog,failed_prog
-4.9280853,-3.1942317,failed_prog,failed_prog
-5.555913,-2.6054304,failed_prog,failed_prog
-4.8534956,-2.8811076,failed_prog,failed_prog
-5.020737,-2.9674177,failed_prog,failed_prog
-4.9075184,-3.0757294,failed_prog,failed_prog
-5.082072,-3.1428852,failed_prog,failed_prog
-4.824245,-3.2664557,failed_prog,failed_prog
-4.6700706,-2.3992784,failed_prog,failed_prog
-4.6887956,-2.5926461,failed_prog,failed_prog
-5.080674,-2.8613598,failed_prog,failed_prog
-4.5538707,-2.385285,reprogrammed_prog,failed_prog
-4.770933,-3.0456157,failed_prog,failed_prog
-5.0724173,-2.9920073,failed_prog,failed_prog
-4.3029366,-2.2465248,failed_prog,failed_prog
-4.943706,-2.83637,failed_prog,failed_prog
-4.4709024,-2.4912562,failed_prog,failed_prog
-5.116531,-3.2395608,failed_prog,failed_prog
-4.612188,-3.0049875,failed_prog,failed_prog
-4.0248694,-2.8910553,failed_prog,failed_prog
-4.2150273,-2.553335,failed_prog,failed_prog
-3.8761456,-4.2072954,failed_prog,failed_prog
-4.559189,-2.5386214,failed_prog,failed_prog
-4.004589,-3.7704198,failed_prog,failed_prog
-1.6877234,-3.0603998,failed_prog,failed_prog
-3.0184846,-4.39678,failed_prog,failed_prog
-4.175493,-3.91933,failed_prog,failed_prog
-4.3221483,-2.5946565,failed_prog,failed_prog
-3.7297084,-5.093118,failed_prog,failed_prog
-3.2072618,-4.482156,failed_prog,failed_prog
-3.3329635,-4.1948056,failed_prog,failed_prog
-3.717357,-2.7202785,failed_prog,failed_prog
-3.9833634,-4.263183,failed_prog,failed_prog
-3.9231582,-3.1922407,failed_prog,failed_prog
-3.8397784,-4.478328,failed_prog,failed_prog
-3.644108,-3.591909,failed_prog,failed_prog
-3.5725708,-4.3454103,failed_prog,failed_prog
-3.8508255,-4.854857,failed_prog,failed_prog
-5.1357794,-3.9749398,failed_prog,failed_prog
-3.7858598,-2.8344877,failed_prog,failed_prog
-4.58419,-4.1115108,failed_prog,failed_prog
-4.178527,-2.6560645,failed_prog,failed_prog
-4.3249564,-3.8391273,failed_prog,failed_prog
-3.7442508,-3.5091834,failed_prog,failed_prog
-3.9515095,-3.2597704,failed_prog,failed_prog
-4.669177,-2.4657211,failed_prog,failed_prog
-4.041712,-2.9448462,failed_prog,failed_prog
-4.5841126,-3.9810107,failed_prog,failed_prog
-5.06747,-3.8954275,failed_prog,failed_prog
-3.7012794,-2.4572268,failed_prog,failed_prog
-3.6962388,-4.54763,failed_prog,failed_prog
-3.9111729,-2.4255214,failed_prog,failed_prog
-4.2911654,-3.7148404,failed_prog,failed_prog
-4.336218,-3.4366517,failed_prog,failed_prog
-3.9280643,-3.3761952,failed_prog,failed_prog
-4.349886,-3.976754,reprogrammed_prog,failed_prog
-4.494326,-3.472475,failed_prog,failed_prog
-3.992579,-3.6192362,failed_prog,failed_prog
-3.703798,-3.928842,failed_prog,failed_prog
-3.609622,-2.9411473,failed_prog,failed_prog
-4.4208736,-3.3496683,failed_prog,failed_prog
-4.080448,-3.1186938,failed_prog,failed_prog
-4.057692,-3.124727,failed_prog,failed_prog
-3.615538,-5.2378497,failed_prog,failed_prog
-3.614258,-3.9613667,failed_prog,failed_prog
-3.956909,-3.6028333,failed_prog,failed_prog
-4.149459,-3.2462678,failed_prog,failed_prog
-3.9654047,-3.607518,failed_prog,failed_prog
-4.419107,-3.0350626,failed_prog,failed_prog
-3.3409169,-4.0824876,failed_prog,failed_prog
-3.95809,-4.80705,failed_prog,failed_prog
-4.0839195,-3.2442837,failed_prog,failed_prog
-4.214112,-3.1693847,failed_prog,failed_prog
-3.8024402,-4.3652115,failed_prog,failed_prog
-3.6967673,-3.885459,failed_prog,failed_prog
-4.1453485,-3.2909825,failed_prog,failed_prog
-3.7307684,-3.1473372,failed_prog,failed_prog
-3.972219,-2.7139635,failed_prog,failed_prog
-4.9027886,-3.9772828,failed_prog,failed_prog
-3.7182784,-3.9340703,failed_prog,failed_prog
-3.749405,-3.202038,reprogrammed_prog,failed_prog
-4.1097093,-2.6170213,failed_prog,failed_prog
-4.3370233,-2.6556296,failed_prog,failed_prog
-3.8267293,-2.804855,failed_prog,failed_prog
-3.8289552,-2.6870983,failed_prog,failed_prog
-4.067208,-3.4405599,failed_prog,failed_prog
-3.269144,-3.434699,failed_prog,failed_prog
-3.95331,-4.652652,failed_prog,failed_prog
-3.7346547,-3.943786,failed_prog,failed_prog
-4.3048286,-3.2497964,failed_prog,failed_prog
-3.4348843,-4.695547,failed_prog,failed_prog
-3.929567,-4.007984,failed_prog,failed_prog
-3.6661823,-2.562237,failed_prog,failed_prog
-4.0102854,-3.4305093,failed_prog,failed_prog
-4.2547874,-2.9962132,reprogrammed_prog,failed_prog
-3.6804805,-3.5577111,failed_prog,failed_prog
-4.3234296,-2.8793423,failed_prog,failed_prog
-3.991779,-3.7399518,failed_prog,failed_prog
-4.023512,-3.0320861,failed_prog,failed_prog
-4.0690913,-4.2261496,failed_prog,failed_prog
-3.6423526,-3.6079524,failed_prog,failed_prog
-3.4312708,-3.9532533,failed_prog,failed_prog
-3.1645243,-3.3086073,failed_prog,failed_prog
-3.9244213,-2.9018605,failed_prog,failed_prog
-4.4230795,-3.9983444,failed_prog,failed_prog
-4.867354,-3.7285216,failed_prog,failed_prog
-4.203925,-2.6420093,failed_prog,failed_prog
-4.176541,-4.092147,failed_prog,failed_prog
-3.7572224,-2.7282615,reprogrammed_prog,failed_prog
-3.333525,-3.883169,failed_prog,failed_prog
-3.6828263,-3.4077716,failed_prog,failed_prog
-3.6038053,-4.6609783,failed_prog,failed_prog
-4.492873,-3.8302512,failed_prog,failed_prog
-4.1304584,-3.871921,failed_prog,failed_prog
-3.9165885,-2.590281,reprogrammed_prog,failed_prog
-4.299899,-2.1646194,reprogrammed_prog,failed_prog
-3.9458835,-3.4462438,failed_prog,failed_prog
-3.2725737,-5.108761,failed_prog,failed_prog
-3.4147422,-4.949548,failed_prog,failed_prog
-3.5244021,-3.0004745,failed_prog,failed_prog
-4.170126,-4.447518,failed_prog,failed_prog
-3.912555,-3.833638,failed_prog,failed_prog
-3.7402065,-4.837733,failed_prog,failed_prog
-4.8515077,-3.8905218,failed_prog,failed_prog
-3.9028904,-4.793586,failed_prog,failed_prog
-3.5769556,-4.205176,failed_prog,failed_prog
-3.9944174,-2.6964765,failed_prog,failed_prog
-3.8835945,-4.6364045,failed_prog,failed_prog
-4.7855506,-3.378236,failed_prog,failed_prog
-4.1446514,-4.1347384,failed_prog,failed_prog
-3.481062,-3.249467,failed_prog,failed_prog
-3.5021842,-3.141139,failed_prog,failed_prog
-4.520101,-2.5952926,reprogrammed_prog,failed_prog
-3.6313372,-4.406063,failed_prog,failed_prog
-3.5094588,-3.0154104,failed_prog,failed_prog
-3.6345155,-4.503749,failed_prog,failed_prog
-3.8328,-3.5549247,failed_prog,failed_prog
-3.705581,-3.1524796,reprogrammed_prog,failed_prog
-4.2163796,-3.2993367,failed_prog,failed_prog
-4.448922,-3.7053778,failed_prog,failed_prog
-4.5577645,-2.4088988,failed_prog,failed_prog
-3.626968,-4.912678,failed_prog,failed_prog
-3.5985818,-3.3430424,failed_prog,failed_prog
-4.8749304,-3.8227074,failed_prog,failed_prog
-5.002589,-3.8929296,failed_prog,failed_prog
-4.231474,-4.0807405,failed_prog,failed_prog
-3.5174341,-3.7937312,failed_prog,failed_prog
-3.2850852,-3.172953,failed_prog,failed_prog
-3.6957545,-2.6303704,failed_prog,failed_prog
-4.4699683,-2.5437908,failed_prog,failed_prog
-3.8463874,-3.7187746,failed_prog,failed_prog
-4.16966,-3.2449906,failed_prog,failed_prog
-3.6435027,-3.215235,failed_prog,failed_prog
-4.47277,-2.8175757,failed_prog,failed_prog
-3.5615103,-4.3444877,failed_prog,failed_prog
-4.2204256,-3.4697275,failed_prog,failed_prog
-3.8732667,-3.3374991,failed_prog,failed_prog
-3.899493,-2.7835882,failed_prog,failed_prog
-3.708182,-4.8893213,failed_prog,failed_prog
-4.4950686,-2.6266465,failed_prog,failed_prog
-4.319631,-2.7502358,failed_prog,failed_prog
-3.6664193,-2.652534,failed_prog,failed_prog
-3.4186075,-3.8521552,failed_prog,failed_prog
-4.2719407,-3.7289429,failed_prog,failed_prog
-4.022057,-3.4180586,failed_prog,failed_prog
-3.84177,-3.1178827,failed_prog,failed_prog
-4.1334114,-2.6359394,failed_prog,failed_prog
-4.05149,-4.036791,failed_prog,failed_prog
-4.526256,-3.935059,failed_prog,failed_prog
-3.368238,-4.7996674,failed_prog,failed_prog
-3.5024717,-3.9501076,failed_prog,failed_prog
-3.6583738,-4.0646043,failed_prog,failed_prog
-3.4403152,-4.1268277,failed_prog,failed_prog
-3.262137,-3.987945,failed_prog,failed_prog
-4.505394,-3.249825,failed_prog,failed_prog
-4.108311,-4.3234134,failed_prog,failed_prog
-3.682393,-4.5093827,failed_prog,failed_prog
-4.030842,-3.761916,failed_prog,failed_prog
-4.7200785,-3.4037838,failed_prog,failed_prog
-5.0246243,-3.797255,failed_prog,failed_prog
-3.6983616,-3.6861753,failed_prog,failed_prog
-4.2413096,-2.2550611,reprogrammed_prog,failed_prog
-5.066412,-3.5548224,failed_prog,failed_prog
-3.5697074,-4.422545,failed_prog,failed_prog
-3.3427188,-3.2692912,failed_prog,failed_prog
-4.8952866,-4.001033,failed_prog,failed_prog
-3.9150968,-2.6423419,failed_prog,failed_prog
-4.330958,-4.055939,failed_prog,failed_prog
-4.1952667,-3.8785954,failed_prog,failed_prog
-3.4476554,-2.7591083,failed_prog,failed_prog
-4.3693104,-3.1488025,failed_prog,failed_prog
-3.795175,-3.205737,failed_prog,failed_prog
-4.489195,-3.8354907,failed_prog,failed_prog
-3.8016315,-3.5804513,failed_prog,failed_prog
-4.0619187,-3.586899,failed_prog,failed_prog
-3.372946,-4.4652314,failed_prog,failed_prog
-4.483473,-3.2863364,failed_prog,failed_prog
-3.8994513,-3.3696945,failed_prog,failed_prog
-3.5399203,-4.301496,failed_prog,failed_prog
-3.8424323,-2.9622066,failed_prog,failed_prog
-3.746009,-3.0735712,failed_prog,failed_prog
-3.8050325,-3.0102487,failed_prog,failed_prog
-3.740626,-2.3272064,reprogrammed_prog,failed_prog
-1.6995556,-2.6749215,failed_prog,failed_prog
-3.899869,-3.6339293,failed_prog,failed_prog
-3.015364,-3.0927863,failed_prog,failed_prog
-3.1582186,-3.1958091,failed_prog,failed_prog
-1.6146762,-2.802457,failed_prog,failed_prog
-4.143951,-4.3294144,failed_prog,failed_prog
-3.535582,-4.2890563,failed_prog,failed_prog
-3.790315,-1.9652755,failed_prog,failed_prog
-2.4784417,-1.5076123,failed_prog,failed_prog
-2.585743,-2.4046273,failed_prog,failed_prog
-2.5185697,-1.6939613,failed_prog,failed_prog
-3.068279,-2.5596833,failed_prog,failed_prog
-2.7592268,-1.8126297,failed_prog,failed_prog
-3.7175567,-2.4530952,failed_prog,failed_prog
-3.0595016,-1.9623996,failed_prog,failed_prog
-2.349496,-1.1086067,failed_prog,failed_prog
-3.2959373,-2.1294532,failed_prog,failed_prog
-2.2333586,-1.6677421,failed_prog,failed_prog
-2.8697608,-1.6999099,failed_prog,failed_prog
-3.2023203,-2.0940614,failed_prog,failed_prog
-2.38886,-1.6987078,failed_prog,failed_prog
-3.4866977,-2.0194514,failed_prog,failed_prog
-3.3019965,-2.095026,failed_prog,failed_prog
-3.0124714,-1.7308327,failed_prog,failed_prog
-3.6474998,-1.9114076,failed_prog,failed_prog
-2.3983662,-1.32901,failed_prog,failed_prog
-2.2801967,-1.7369764,failed_prog,failed_prog
-2.1880093,-1.8125244,failed_prog,failed_prog
-3.9599292,-2.4816964,failed_prog,failed_prog
-3.4867303,-2.370525,failed_prog,failed_prog
-3.593015,-2.7974443,failed_prog,failed_prog
-2.1876535,-1.7600476,failed_prog,failed_prog
-3.1584592,-1.8020831,failed_prog,failed_prog
-3.4224136,-2.0018837,failed_prog,failed_prog
-3.4819562,-2.973427,failed_prog,failed_prog
-2.2825713,-2.319094,failed_prog,failed_prog
-2.837374,-1.7395382,failed_prog,failed_prog
-1.9048849,-2.442866,failed_prog,failed_prog
-2.8782356,-2.0748043,failed_prog,failed_prog
-3.604571,-2.8049347,failed_prog,failed_prog
-2.6331077,-1.7830275,failed_prog,failed_prog
-1.1283923,-2.4385743,failed_prog,failed_prog
-1.2666087,-1.9634899,failed_prog,failed_prog
-1.7392192,-3.1509347,failed_prog,failed_prog
-1.032657,-2.221484,failed_prog,failed_prog
-1.471472,-2.8320825,failed_prog,failed_prog
-3.763656,-2.5622082,failed_prog,failed_prog
-1.5987164,-2.9657297,failed_prog,failed_prog
-3.32044,-2.3720632,failed_prog,failed_prog
-1.791379,-2.1295817,failed_prog,failed_prog
-1.7222377,-2.298597,failed_prog,failed_prog
-1.4911165,-2.5089257,failed_prog,failed_prog
-1.5379776,-2.9262543,failed_prog,failed_prog
-1.0114847,-1.92578,failed_prog,failed_prog
-2.16251,-1.2500926,failed_prog,failed_prog
-3.0206544,-2.8389816,failed_prog,failed_prog
-3.3013415,-3.0106096,failed_prog,failed_prog
-4.2355933,-2.0227268,failed_prog,failed_prog
-4.0690794,-2.1898937,failed_prog,failed_prog
-2.8954523,-2.0728917,failed_prog,failed_prog
-2.9558916,-2.4509246,failed_prog,failed_prog
-3.8544497,-2.8402839,failed_prog,failed_prog
-3.94082,-2.4900918,failed_prog,failed_prog
-3.4189374,-2.1756003,failed_prog,failed_prog
-4.10137,-1.6723862,failed_prog,failed_prog
-3.6737595,-2.3391922,failed_prog,failed_prog
-3.009139,-1.6106203,failed_prog,failed_prog
-2.957843,-1.798928,failed_prog,failed_prog
-2.9520373,-3.3770921,failed_prog,failed_prog
-3.5466719,-1.9909438,reprogrammed_prog,failed_prog
-3.827831,-2.3843992,failed_prog,failed_prog
-2.8248026,-2.6281164,failed_prog,failed_prog
-3.7805254,-2.180266,failed_prog,failed_prog
-3.3483827,-2.5177865,failed_prog,failed_prog
-3.9385564,-2.4145596,reprogrammed_prog,failed_prog
-3.5477667,-2.3952527,failed_prog,failed_prog
-1.0469309,-1.4844751,failed_prog,failed_prog
-1.3126073,-2.6867478,failed_prog,failed_prog
-1.3316184,-2.3943675,failed_prog,failed_prog
-3.4732206,-2.8297622,failed_prog,failed_prog
-1.8888153,-1.962907,failed_prog,failed_prog
-1.1416239,-0.95629734,failed_prog,failed_prog
-1.2717868,-2.4291458,failed_prog,failed_prog
-1.19691,-2.3876672,failed_prog,failed_prog
4.3093834,2.0105062,failed_prog,failed_prog
-3.0107565,-1.9372293,failed_prog,failed_prog
-1.4779344,-2.05798,failed_prog,failed_prog
-1.1590325,-1.9620376,failed_prog,failed_prog
-1.019653,-2.0637896,failed_prog,failed_prog
-1.6849033,-3.0401697,failed_prog,failed_prog
-1.3359913,-2.139383,failed_prog,failed_prog
-1.264325,-1.9402554,failed_prog,failed_prog
-1.2117046,-2.625501,failed_prog,failed_prog
-1.0971607,-1.9925176,failed_prog,failed_prog
-1.2312671,-1.9326453,failed_prog,failed_prog
-1.2492585,-2.3717043,failed_prog,failed_prog
-1.0502666,-1.9248772,failed_prog,failed_prog
-1.0392966,-2.4329536,failed_prog,failed_prog
-2.5244496,-1.4785904,failed_prog,failed_prog
-2.5351064,-1.4669502,failed_prog,failed_prog
-3.2462742,-1.785328,failed_prog,failed_prog
-3.367836,-2.2275255,failed_prog,failed_prog
-3.1821532,-2.4088273,failed_prog,failed_prog
-3.5648963,-1.5685959,failed_prog,failed_prog
-3.5747862,-2.2130666,failed_prog,failed_prog
-1.5836109,-2.724315,failed_prog,failed_prog
-2.0946703,-2.4066525,failed_prog,failed_prog
-2.209632,-2.1098773,failed_prog,failed_prog
-2.2660904,-2.0882714,failed_prog,failed_prog
-2.4699662,-1.7197224,failed_prog,failed_prog
-2.0065625,-2.2823403,failed_prog,failed_prog
-1.9510039,-2.523519,failed_prog,failed_prog
-2.5210962,-1.7167351,failed_prog,failed_prog
-2.121251,-2.3190527,failed_prog,failed_prog
-2.1099727,-2.1621568,failed_prog,failed_prog
-2.6936,-1.0770607,failed_prog,failed_prog
-2.424998,-1.6938769,failed_prog,failed_prog
-2.1201468,-2.2067394,failed_prog,failed_prog
-2.0929213,-2.0631602,failed_prog,failed_prog
-1.9346306,-2.3945768,failed_prog,failed_prog
-1.984406,-2.1876934,failed_prog,failed_prog
-2.067846,-2.1861863,failed_prog,failed_prog
-1.8796413,-2.3075123,failed_prog,failed_prog
-2.1931589,-2.2146711,failed_prog,failed_prog
-2.03626,-2.4095325,failed_prog,failed_prog
-2.118726,-2.4704165,failed_prog,failed_prog
-1.9545707,-2.334988,failed_prog,failed_prog
-2.4004128,-1.8662742,failed_prog,failed_prog
-2.169109,-2.2190661,failed_prog,failed_prog
-2.4829228,-1.7902393,failed_prog,failed_prog
-2.237672,-2.022887,failed_prog,failed_prog
-2.8915343,-0.88127273,failed_prog,failed_prog
-3.567354,-0.33345586,reprogrammed_prog,failed_prog
-1.8848466,-2.1051397,failed_prog,failed_prog
-2.307515,-2.0828063,failed_prog,failed_prog
-2.5356126,-1.7981805,failed_prog,failed_prog
-2.0551875,-2.4513938,failed_prog,failed_prog
-2.094454,-2.428682,failed_prog,failed_prog
-2.2374218,-1.953998,failed_prog,failed_prog
-2.3271284,-1.9077356,failed_prog,failed_prog
-2.1018481,-2.4643855,failed_prog,failed_prog
-2.3617356,-2.2004313,failed_prog,failed_prog
-2.2481334,-2.007163,failed_prog,failed_prog
-2.1099176,-2.1243567,failed_prog,failed_prog
-2.371316,-1.2885793,failed_prog,failed_prog
-2.4815674,-1.6325345,failed_prog,failed_prog
-1.9464513,-2.3558366,failed_prog,failed_prog
-2.1429327,-2.2583513,failed_prog,failed_prog
-2.566416,-1.6557593,failed_prog,failed_prog
-2.0155084,-2.3602016,failed_prog,failed_prog
-2.3551955,-1.9875494,failed_prog,failed_prog
-2.5044122,-1.7774295,failed_prog,failed_prog
-2.0947444,-2.4759696,failed_prog,failed_prog
-2.109247,-2.3100963,failed_prog,failed_prog
-2.3703701,-1.8057684,failed_prog,failed_prog
-2.0982497,-2.413053,failed_prog,failed_prog
-2.1487417,-2.1896827,failed_prog,failed_prog
-3.4820275,-0.122064605,reprogrammed_prog,failed_prog
-2.236922,-1.8880647,failed_prog,failed_prog
-2.0290327,-2.2678711,failed_prog,failed_prog
-2.0974302,-2.4161355,failed_prog,failed_prog
-2.467367,-1.9038354,failed_prog,failed_prog
-2.2795532,-2.0263476,failed_prog,failed_prog
-2.0317497,-2.4146237,failed_prog,failed_prog
-2.2330453,-1.8838109,failed_prog,failed_prog
-1.9385564,-2.582741,failed_prog,failed_prog
-2.6446187,-0.36641642,failed_prog,failed_prog
-2.0845792,-2.3988183,failed_prog,failed_prog
-2.11974,-2.1941516,failed_prog,failed_prog
-2.0796628,-2.4311974,failed_prog,failed_prog
-2.2794218,-1.8896959,failed_prog,failed_prog
-2.0999746,-2.185872,failed_prog,failed_prog
-1.9820634,-2.3879056,failed_prog,failed_prog
-2.1202052,-2.4204142,failed_prog,failed_prog
-2.3849201,-1.8953774,failed_prog,failed_prog
-2.6639102,-2.134269,failed_prog,failed_prog
-3.6632893,0.10685045,reprogrammed_prog,failed_prog
-2.1297195,-2.407962,failed_prog,failed_prog
-2.1199129,-2.4730961,failed_prog,failed_prog
-2.1333287,-2.3065474,failed_prog,failed_prog
-2.296285,-2.3781188,failed_prog,failed_prog
-2.7607756,-1.4237294,failed_prog,failed_prog
-2.0392773,-2.4819381,failed_prog,failed_prog
-2.1621988,-1.0778315,failed_prog,failed_prog
-2.4346516,-1.8271586,failed_prog,failed_prog
-2.2971992,-2.0082104,failed_prog,failed_prog
-2.231224,-1.955304,failed_prog,failed_prog
-2.1071923,-2.4562716,failed_prog,failed_prog
-2.2149744,-1.927575,failed_prog,failed_prog
-2.0731452,-2.269749,failed_prog,failed_prog
-2.4821348,-1.6521761,failed_prog,failed_prog
-2.191829,-2.2293828,failed_prog,failed_prog
-2.222251,-2.3283715,failed_prog,failed_prog
-2.445058,-1.8535879,failed_prog,failed_prog
-2.3126037,-1.9336035,failed_prog,failed_prog
-2.3267643,-1.6446135,failed_prog,failed_prog
-2.4530213,-1.8918161,failed_prog,failed_prog
-2.0535612,-2.3055675,failed_prog,failed_prog
-2.4251142,-1.9199136,failed_prog,failed_prog
-2.2785637,-2.3121505,failed_prog,failed_prog
-2.0644622,-2.4171011,failed_prog,failed_prog
-2.2019634,-1.843286,failed_prog,failed_prog
-2.3393438,-1.9192516,failed_prog,failed_prog
-2.2283683,-2.0736637,failed_prog,failed_prog
-2.0621948,-2.2261705,failed_prog,failed_prog
-2.9713829,-1.8077956,reprogrammed_prog,failed_prog
-3.8654575,-2.27252,reprogrammed_prog,failed_prog
-5.5550065,2.439549,reprogrammed_prog,failed_prog
-3.9991603,0.22146046,reprogrammed_prog,failed_prog
-4.3854,0.47605163,reprogrammed_prog,failed_prog
-1.4502997,-0.031229382,failed_prog,failed_prog
1.5192432,-0.22631228,failed_prog,failed_prog
0.29651657,-0.031621132,failed_prog,failed_prog
-1.1763752,-0.28560945,failed_prog,failed_prog
0.62525743,-0.12785476,failed_prog,failed_prog
1.7212787,-0.09757911,failed_prog,failed_prog
-0.034183495,-0.52209663,failed_prog,failed_prog
0.39049178,-0.3991963,failed_prog,failed_prog
-0.61190724,0.13097377,failed_prog,failed_prog
0.76528317,-0.25970668,failed_prog,failed_prog
-3.9416702,0.11696008,reprogrammed_prog,failed_prog
-2.1836002,-2.0267055,failed_prog,failed_prog
-4.506748,0.889415,reprogrammed_prog,failed_prog
-3.7033203,-0.17094086,reprogrammed_prog,failed_prog
-2.173678,-1.8017693,failed_prog,failed_prog
-2.6433356,-1.2156231,failed_prog,failed_prog
-2.5506635,-0.73761505,failed_prog,failed_prog
-2.2968931,-2.0629616,failed_prog,failed_prog
-2.6481626,-0.93568027,failed_prog,failed_prog
-3.0712786,-0.076963276,failed_prog,failed_prog
-2.8023093,-1.0828098,failed_prog,failed_prog
-2.5242558,-0.7968462,failed_prog,failed_prog
-3.3841226,-0.20346221,reprogrammed_prog,failed_prog
-4.1381135,1.5336696,reprogrammed_prog,failed_prog
1.4770694,-0.30363265,failed_prog,failed_prog
-1.9856706,-2.1049554,failed_prog,failed_prog
-1.8934058,-1.8813843,failed_prog,failed_prog
-2.0677662,-2.147761,failed_prog,failed_prog
-2.312696,-2.497626,failed_prog,failed_prog
-2.1726372,-2.3911138,failed_prog,failed_prog
-2.18763,-2.4734087,failed_prog,failed_prog
-2.261852,-2.4567575,failed_prog,failed_prog
-2.1777003,-2.2579122,failed_prog,failed_prog
-2.363643,-2.4423172,failed_prog,failed_prog
-2.3164568,-2.4638867,failed_prog,failed_prog
-2.1502671,-2.3638802,failed_prog,failed_prog
-2.4652042,-2.2955537,failed_prog,failed_prog
-2.1888871,-2.055605,failed_prog,failed_prog
-2.16922,-2.21836,failed_prog,failed_prog
-2.4211476,-2.3859756,failed_prog,failed_prog
-2.2199395,-2.3008678,failed_prog,failed_prog
-2.2300587,-2.2780442,failed_prog,failed_prog
-2.1452892,-2.3352253,failed_prog,failed_prog
-2.1725028,-2.5729663,failed_prog,failed_prog
-2.1799629,-2.2941973,failed_prog,failed_prog
-2.1118093,-2.2845056,failed_prog,failed_prog
-2.2052226,-2.187909,failed_prog,failed_prog
-3.7475526,-0.47942412,reprogrammed_prog,failed_prog
-2.311164,-2.113141,failed_prog,failed_prog
-2.2838826,-2.209085,failed_prog,failed_prog
-2.43792,-1.9649726,failed_prog,failed_prog
-2.1370745,-2.4818575,failed_prog,failed_prog
-2.3109903,-2.4048417,failed_prog,failed_prog
-2.1478555,-1.8763824,failed_prog,failed_prog
-2.210436,-2.1666207,failed_prog,failed_prog
-2.1545897,-2.3889966,failed_prog,failed_prog
-2.2466898,-2.2498918,failed_prog,failed_prog
-2.2185116,-2.2439308,failed_prog,failed_prog
-2.2522686,-2.3542988,failed_prog,failed_prog
-2.132697,-2.2329242,failed_prog,failed_prog
-2.2551742,-1.9212308,failed_prog,failed_prog
-2.1320384,-2.407336,failed_prog,failed_prog
-2.2509277,-2.4598503,failed_prog,failed_prog
-2.384742,-1.9918501,failed_prog,failed_prog
-2.1897175,-2.4267683,failed_prog,failed_prog
-2.5755408,-1.9055556,failed_prog,failed_prog
-2.1790633,-2.4682972,failed_prog,failed_prog
-2.2423127,-2.5231159,failed_prog,failed_prog
-2.6624453,-2.0783963,failed_prog,failed_prog
-2.4332,-1.9846123,failed_prog,failed_prog
-2.859554,-1.675317,reprogrammed_prog,failed_prog
-2.1805778,-2.1332006,failed_prog,failed_prog
-2.288756,-2.5298169,failed_prog,failed_prog
-2.1565914,-2.376027,failed_prog,failed_prog
-2.2834196,-2.3541844,failed_prog,failed_prog
-2.2437563,-2.2839334,failed_prog,failed_prog
-2.1443503,-2.362482,failed_prog,failed_prog
-2.428726,-2.2896383,failed_prog,failed_prog
-2.4832242,-2.073766,failed_prog,failed_prog
-2.2740355,-2.4698262,failed_prog,failed_prog
-2.1933188,-2.4411988,failed_prog,failed_prog
-2.0596042,-2.3768423,failed_prog,failed_prog
-2.519715,-2.1472795,failed_prog,failed_prog
-2.2424774,-2.5539415,failed_prog,failed_prog
-2.3155699,-2.3258653,failed_prog,failed_prog
-2.3054137,-2.405117,failed_prog,failed_prog
-2.1791718,-2.4500701,failed_prog,failed_prog
-2.3553286,-2.4074285,failed_prog,failed_prog
-2.1885586,-2.395847,failed_prog,failed_prog
-2.0801954,-2.437703,failed_prog,failed_prog
-2.319379,-2.2354052,failed_prog,failed_prog
-2.4407575,-1.9247649,failed_prog,failed_prog
-2.164029,-2.3973901,failed_prog,failed_prog
-2.3571033,-2.4318473,failed_prog,failed_prog
-2.1641338,-2.3470864,failed_prog,failed_prog
-2.241639,-2.350571,failed_prog,failed_prog
-2.8185706,-1.8150864,failed_prog,failed_prog
-2.4237971,-2.3915105,failed_prog,failed_prog
-2.2035668,-2.4563186,failed_prog,failed_prog
-2.3275309,-1.8948364,failed_prog,failed_prog
-2.1868777,-2.3897202,failed_prog,failed_prog
-2.1820202,-2.4786804,failed_prog,failed_prog
-2.3124886,-2.3707,failed_prog,failed_prog
-2.200984,-1.969234,failed_prog,failed_prog
-2.284737,-2.2258768,failed_prog,failed_prog
-2.3184612,-2.1830404,failed_prog,failed_prog
-2.601636,-2.0424695,failed_prog,failed_prog
-2.155046,-1.9896499,failed_prog,failed_prog
-2.1903045,-2.4202263,failed_prog,failed_prog
-2.3156865,-1.995825,failed_prog,failed_prog
-2.1687858,-2.3260322,failed_prog,failed_prog
-2.2970748,-2.100677,failed_prog,failed_prog
-2.2170744,-2.3828795,failed_prog,failed_prog
-2.143903,-2.3800328,failed_prog,failed_prog
-2.1323497,-2.3101997,failed_prog,failed_prog
-2.4459512,-2.2221346,failed_prog,failed_prog
-2.1376228,-2.4134057,failed_prog,failed_prog
-2.20827,-2.105666,failed_prog,failed_prog
-2.1603353,-2.4855955,failed_prog,failed_prog
-2.2834992,-2.5137975,failed_prog,failed_prog
-2.2343755,-2.2910616,failed_prog,failed_prog
-2.674035,-1.8175241,failed_prog,failed_prog
-2.166549,-2.3383458,failed_prog,failed_prog
-2.2575324,-2.2980418,failed_prog,failed_prog
-2.2162032,-2.4242735,failed_prog,failed_prog
-2.3143547,-2.3998017,failed_prog,failed_prog
-2.5447595,-2.0042887,failed_prog,failed_prog
-2.2115479,-2.3845139,failed_prog,failed_prog
-2.4598734,-1.9839159,failed_prog,failed_prog
-2.3807092,-2.036875,failed_prog,failed_prog
-2.7383623,-1.8372297,failed_prog,failed_prog
-2.206835,-2.1755393,failed_prog,failed_prog
-2.2026715,-2.1752753,failed_prog,failed_prog
-2.2883582,-2.4361613,failed_prog,failed_prog
-2.1910658,-2.3310122,failed_prog,failed_prog
-2.762925,-1.7254267,failed_prog,failed_prog
-2.299745,-2.4953213,failed_prog,failed_prog
-2.2672753,-1.7917917,failed_prog,failed_prog
-2.1649146,-2.4536524,failed_prog,failed_prog
-2.3213246,-2.209675,failed_prog,failed_prog
-2.273607,-2.3718836,failed_prog,failed_prog
-2.3268323,-2.1106863,failed_prog,failed_prog
-2.2522254,-2.1729455,failed_prog,failed_prog
-2.2141664,-2.0322108,failed_prog,failed_prog
-2.2183928,-2.284002,failed_prog,failed_prog
-2.2913148,-2.253182,failed_prog,failed_prog
-2.3482351,-2.515473,failed_prog,failed_prog
-2.285812,-2.344198,failed_prog,failed_prog
-2.1245682,-2.370875,failed_prog,failed_prog
-2.2426465,-2.266006,failed_prog,failed_prog
-2.2181497,-2.171732,failed_prog,failed_prog
-2.284629,-2.3556306,failed_prog,failed_prog
-2.2242432,-2.5076067,failed_prog,failed_prog
-2.4160743,-2.320505,failed_prog,failed_prog
-2.4464483,-2.3590412,failed_prog,failed_prog
-2.1637223,-2.1013863,failed_prog,failed_prog
-2.2133818,-2.338124,failed_prog,failed_prog
-2.0734825,-2.3516073,failed_prog,failed_prog
-2.1053646,-2.332251,failed_prog,failed_prog
-2.323607,-2.4641447,failed_prog,failed_prog
-2.3654642,-2.3734274,failed_prog,failed_prog
-2.3165166,-2.2252154,failed_prog,failed_prog
-2.149683,-2.3136702,failed_prog,failed_prog
-2.234642,-2.3951185,failed_prog,failed_prog
-2.1221943,-2.2277408,failed_prog,failed_prog
-2.2061605,-2.181235,failed_prog,failed_prog
-2.2790306,-2.4693124,failed_prog,failed_prog
-2.1721895,-2.368682,failed_prog,failed_prog
-2.3521929,-2.1579623,failed_prog,failed_prog
-2.0190835,-2.2856436,failed_prog,failed_prog
-2.2364023,-2.5144205,failed_prog,failed_prog
-2.2559004,-2.5477738,failed_prog,failed_prog
-2.196747,-2.404572,failed_prog,failed_prog
-2.296841,-2.3023775,failed_prog,failed_prog
-2.2057502,-2.6128104,failed_prog,failed_prog
-2.4102564,-2.2454002,failed_prog,failed_prog
-2.3916795,-2.1753337,failed_prog,failed_prog
-2.5290418,-1.7924701,failed_prog,failed_prog
-2.166858,-2.0478601,failed_prog,failed_prog
-2.2546706,-2.454149,failed_prog,failed_prog
-2.213548,-2.3151004,failed_prog,failed_prog
-2.2880256,-2.3785207,failed_prog,failed_prog
-2.3533194,-2.351842,failed_prog,failed_prog
-2.2147589,-2.3177438,failed_prog,failed_prog
-2.3586936,-1.9835756,reprogrammed_prog,failed_prog
-2.2597058,-2.3633263,reprogrammed_prog,failed_prog
-3.1480806,-1.623786,reprogrammed_prog,failed_prog
-2.9399552,-1.524023,reprogrammed_prog,failed_prog
-2.2946708,-2.176436,reprogrammed_prog,failed_prog
-4.2651434,0.4343197,reprogrammed_prog,failed_prog
-2.0385284,-2.1167684,failed_prog,failed_prog
-1.87861,-2.0078151,failed_prog,failed_prog
-2.0485845,-2.3127542,failed_prog,failed_prog
-2.0685287,-2.0604498,failed_prog,failed_prog
-1.7649738,-2.886106,failed_prog,failed_prog
-3.8645623,0.003437433,reprogrammed_prog,failed_prog
-2.2041395,-2.0891662,failed_prog,failed_prog
-2.3628032,-2.0462823,failed_prog,failed_prog
-2.101895,-1.9984789,failed_prog,failed_prog
-2.180299,-2.261881,failed_prog,failed_prog
-2.8363426,-1.673432,failed_prog,failed_prog
-2.5995214,-2.0469491,failed_prog,failed_prog
-3.7095864,-0.15664142,reprogrammed_prog,failed_prog
-2.091526,-2.3958437,failed_prog,failed_prog
-2.29207,-2.238134,failed_prog,failed_prog
-2.2264624,-2.2122855,failed_prog,failed_prog
-3.2022889,-1.2248887,reprogrammed_prog,failed_prog
-3.1986308,-0.83494186,reprogrammed_prog,failed_prog
-2.8511348,-1.6454506,reprogrammed_prog,failed_prog
-2.757309,-1.8589174,reprogrammed_prog,failed_prog
-3.777116,-0.13378103,reprogrammed_prog,failed_prog
-3.1831005,-0.36217284,reprogrammed_prog,failed_prog
-3.2918475,-1.1619563,reprogrammed_prog,failed_prog
-2.8317678,-1.2729604,reprogrammed_prog,reprogrammed_prog
-3.4758396,1.0493959,failed_prog,reprogrammed_prog
-4.2004848,0.90923953,reprogrammed_prog,reprogrammed_prog
-3.7295504,0.41921082,reprogrammed_prog,reprogrammed_prog
-4.7200556,2.7252896,failed_prog,reprogrammed_prog
-4.65354,1.5201283,reprogrammed_prog,reprogrammed_prog
-5.0986905,2.5574448,reprogrammed_prog,reprogrammed_prog
-4.5657086,1.8797078,reprogrammed_prog,reprogrammed_prog
-3.5932357,1.0697339,reprogrammed_prog,reprogrammed_prog
-4.7787724,2.98315,reprogrammed_prog,reprogrammed_prog
-5.1226144,1.3737695,reprogrammed_prog,reprogrammed_prog
-4.857507,2.3638105,reprogrammed_prog,reprogrammed_prog
-1.3258191,1.9059721,reprogrammed_prog,reprogrammed_prog
-3.6565518,1.571734,reprogrammed_prog,reprogrammed_prog
-4.6612997,1.7709192,reprogrammed_prog,reprogrammed_prog
-4.5002637,2.362492,reprogrammed_prog,reprogrammed_prog
-3.8299575,0.6002752,failed_prog,reprogrammed_prog
-4.671601,1.7958623,reprogrammed_prog,reprogrammed_prog
-4.728234,1.6374128,reprogrammed_prog,reprogrammed_prog
-0.7674842,1.8277518,failed_prog,reprogrammed_prog
-0.8735915,2.294221,reprogrammed_prog,reprogrammed_prog
-1.3728641,1.5123489,failed_prog,reprogrammed_prog
-0.8936234,1.8230374,reprogrammed_prog,reprogrammed_prog
-0.9916465,1.528419,reprogrammed_prog,reprogrammed_prog
-1.763792,2.6022394,reprogrammed_prog,reprogrammed_prog
-1.8699305,2.5240257,reprogrammed_prog,reprogrammed_prog
-0.6120477,1.5792335,reprogrammed_prog,reprogrammed_prog
-1.9890945,2.865347,reprogrammed_prog,reprogrammed_prog
-0.92731696,1.7164809,reprogrammed_prog,reprogrammed_prog
-0.45896766,1.332501,reprogrammed_prog,reprogrammed_prog
-1.4965587,2.1939492,reprogrammed_prog,reprogrammed_prog
-0.97384566,1.4326129,reprogrammed_prog,reprogrammed_prog
-1.2397766,2.0259352,reprogrammed_prog,reprogrammed_prog
-0.61243266,1.4889088,reprogrammed_prog,reprogrammed_prog
-1.7502047,2.6211133,reprogrammed_prog,reprogrammed_prog
-1.2263722,1.7797644,reprogrammed_prog,reprogrammed_prog
-1.1396868,2.4455047,reprogrammed_prog,reprogrammed_prog
-0.33570805,1.0512514,reprogrammed_prog,reprogrammed_prog
-0.9868135,1.6769892,reprogrammed_prog,reprogrammed_prog
-1.2558007,0.35166365,failed_prog,reprogrammed_prog
-1.8625221,2.6384454,reprogrammed_prog,reprogrammed_prog
-1.1064049,1.9556528,reprogrammed_prog,reprogrammed_prog
-1.4047598,1.427062,reprogrammed_prog,reprogrammed_prog
-0.4375033,1.0850676,reprogrammed_prog,reprogrammed_prog
-1.530281,-0.21639219,failed_prog,reprogrammed_prog
-1.8772718,2.543201,reprogrammed_prog,reprogrammed_prog
-1.1453494,0.5892784,failed_prog,reprogrammed_prog
-1.4976555,1.1908332,reprogrammed_prog,reprogrammed_prog
-1.7720414,1.7074881,reprogrammed_prog,reprogrammed_prog
-1.6574183,2.269669,reprogrammed_prog,reprogrammed_prog
-1.759767,2.5708044,reprogrammed_prog,reprogrammed_prog
-0.97235256,1.6256042,reprogrammed_prog,reprogrammed_prog
-2.0987859,1.0069085,reprogrammed_prog,reprogrammed_prog
-0.92122775,0.9608177,failed_prog,reprogrammed_prog
-1.6968089,0.7521502,failed_prog,reprogrammed_prog
-1.7440232,2.5326176,failed_prog,reprogrammed_prog
-1.7821906,3.1433089,reprogrammed_prog,reprogrammed_prog
-1.034746,0.45032245,reprogrammed_prog,reprogrammed_prog
-1.5225284,1.6777576,failed_prog,reprogrammed_prog
-1.7727939,0.47684965,reprogrammed_prog,reprogrammed_prog
-1.8777876,2.3861446,reprogrammed_prog,reprogrammed_prog
-1.7535714,1.3943741,reprogrammed_prog,reprogrammed_prog
-1.4615521,2.9934266,reprogrammed_prog,reprogrammed_prog
-1.5072976,1.1439701,reprogrammed_prog,reprogrammed_prog
-0.47793853,0.9688145,reprogrammed_prog,reprogrammed_prog
-0.5360173,2.1887507,reprogrammed_prog,reprogrammed_prog
-2.1674387,1.9986444,reprogrammed_prog,reprogrammed_prog
-0.93248564,2.1646082,reprogrammed_prog,reprogrammed_prog
-1.5269107,1.39087,reprogrammed_prog,reprogrammed_prog
-1.0224907,1.2672125,reprogrammed_prog,reprogrammed_prog
-1.7561377,3.1500251,reprogrammed_prog,reprogrammed_prog
-1.071752,1.9454938,failed_prog,reprogrammed_prog
-1.876696,2.9685383,reprogrammed_prog,reprogrammed_prog
-1.4466377,2.2723932,reprogrammed_prog,reprogrammed_prog
-1.9017019,2.6397746,reprogrammed_prog,reprogrammed_prog
-2.1165662,2.436853,failed_prog,reprogrammed_prog
-1.560324,3.0522766,reprogrammed_prog,reprogrammed_prog
-1.3715878,1.4522836,reprogrammed_prog,reprogrammed_prog
-1.3742613,2.3648493,reprogrammed_prog,reprogrammed_prog
-1.7539226,1.8881077,failed_prog,reprogrammed_prog
-1.9160668,2.2248,reprogrammed_prog,reprogrammed_prog
-2.7141123,0.6500029,reprogrammed_prog,reprogrammed_prog
-2.0164423,1.7739757,reprogrammed_prog,reprogrammed_prog
-1.8022459,1.9961411,reprogrammed_prog,reprogrammed_prog
-1.5108969,2.2494538,reprogrammed_prog,reprogrammed_prog
-1.6814302,2.2415955,reprogrammed_prog,reprogrammed_prog
-0.8414121,1.2149292,reprogrammed_prog,reprogrammed_prog
-0.86346596,0.13930206,reprogrammed_prog,reprogrammed_prog
-1.8209915,2.4548547,reprogrammed_prog,reprogrammed_prog
-1.3435485,2.2640514,reprogrammed_prog,reprogrammed_prog
-2.0954685,2.9922974,reprogrammed_prog,reprogrammed_prog
-1.4944763,1.0606076,reprogrammed_prog,reprogrammed_prog
-1.6063002,0.6092858,failed_prog,reprogrammed_prog
-1.8797123,1.2686708,failed_prog,reprogrammed_prog
-1.9842184,2.2387898,reprogrammed_prog,reprogrammed_prog
-1.1012013,0.4889953,reprogrammed_prog,reprogrammed_prog
-2.0861428,1.7379293,failed_prog,reprogrammed_prog
-1.7006563,0.7143259,reprogrammed_prog,reprogrammed_prog
-2.2186608,2.7464278,reprogrammed_prog,reprogrammed_prog
-1.660753,2.7170308,reprogrammed_prog,reprogrammed_prog
-1.5573299,1.770791,reprogrammed_prog,reprogrammed_prog
-1.2606274,1.8702419,reprogrammed_prog,reprogrammed_prog
-1.6539906,2.178678,reprogrammed_prog,reprogrammed_prog
-1.1413484,1.466818,failed_prog,reprogrammed_prog
-1.6071817,0.9815678,failed_prog,reprogrammed_prog
-1.4368951,0.6778098,failed_prog,reprogrammed_prog
-1.004158,2.1113904,failed_prog,reprogrammed_prog
-0.6781971,1.3905028,reprogrammed_prog,reprogrammed_prog
-1.7797196,2.220387,reprogrammed_prog,reprogrammed_prog
-1.266343,1.9919931,reprogrammed_prog,reprogrammed_prog
-0.18023771,0.30184266,reprogrammed_prog,reprogrammed_prog
-2.0165572,2.1995647,reprogrammed_prog,reprogrammed_prog
-2.2231715,1.4870427,failed_prog,reprogrammed_prog
-0.99202245,0.41649133,failed_prog,reprogrammed_prog
-1.1723726,0.5468622,reprogrammed_prog,reprogrammed_prog
-2.1069906,2.831097,reprogrammed_prog,reprogrammed_prog
-1.3496363,1.2496854,failed_prog,reprogrammed_prog
-1.473591,0.7883202,failed_prog,reprogrammed_prog
-1.7000296,1.7339847,failed_prog,reprogrammed_prog
-0.9599003,0.6310405,reprogrammed_prog,reprogrammed_prog
-1.5574805,3.4695253,failed_prog,reprogrammed_prog
-1.5176446,1.8096216,reprogrammed_prog,reprogrammed_prog
-2.1831634,2.023955,failed_prog,reprogrammed_prog
-1.3078429,1.2444981,reprogrammed_prog,reprogrammed_prog
-1.7190845,2.7131345,reprogrammed_prog,reprogrammed_prog
-1.9833907,1.6191895,reprogrammed_prog,reprogrammed_prog
-1.1689587,2.3243032,reprogrammed_prog,reprogrammed_prog
-1.9708288,2.0818365,failed_prog,reprogrammed_prog
-2.6593692,1.5491897,reprogrammed_prog,reprogrammed_prog
-1.7295272,2.638036,reprogrammed_prog,reprogrammed_prog
-1.6770791,1.8626329,reprogrammed_prog,reprogrammed_prog
-1.6268026,0.95240474,failed_prog,reprogrammed_prog
-2.7749465,2.262895,failed_prog,reprogrammed_prog
-1.2346731,0.8711786,reprogrammed_prog,reprogrammed_prog
-1.1269214,2.125715,reprogrammed_prog,reprogrammed_prog
-1.7988043,1.820628,reprogrammed_prog,reprogrammed_prog
-2.005278,2.0828981,failed_prog,reprogrammed_prog
-1.4415435,2.542685,reprogrammed_prog,reprogrammed_prog
-1.9238566,1.6408955,reprogrammed_prog,reprogrammed_prog
-1.2173142,1.2229636,reprogrammed_prog,reprogrammed_prog
-1.9994574,3.0760534,reprogrammed_prog,reprogrammed_prog
-1.2783892,1.6560818,failed_prog,reprogrammed_prog
-1.331221,1.1469984,failed_prog,reprogrammed_prog
-1.4878291,0.9026378,reprogrammed_prog,reprogrammed_prog
-1.0937916,1.8520317,reprogrammed_prog,reprogrammed_prog
-1.2298725,1.6389722,failed_prog,reprogrammed_prog
-1.692211,2.2236772,reprogrammed_prog,reprogrammed_prog
-0.6212769,-0.21855323,reprogrammed_prog,reprogrammed_prog
-1.2216067,0.5958881,failed_prog,reprogrammed_prog
-1.6506059,3.0362523,reprogrammed_prog,reprogrammed_prog
-1.69397,1.8775036,reprogrammed_prog,reprogrammed_prog
-1.757793,2.1312475,reprogrammed_prog,reprogrammed_prog
-1.3118523,2.1416872,reprogrammed_prog,reprogrammed_prog
-0.64793795,1.3389876,reprogrammed_prog,reprogrammed_prog
-0.9842342,0.9003626,failed_prog,reprogrammed_prog
-0.5966509,0.27108178,failed_prog,reprogrammed_prog
-1.2308658,0.8397021,reprogrammed_prog,reprogrammed_prog
-1.729923,2.5757709,reprogrammed_prog,reprogrammed_prog
-1.9378097,2.00426,reprogrammed_prog,reprogrammed_prog
-0.6911967,4.449744,reprogrammed_prog,reprogrammed_prog
-0.8923849,0.21394579,reprogrammed_prog,reprogrammed_prog
-1.390531,1.4694023,reprogrammed_prog,reprogrammed_prog
-1.9879526,1.7264532,reprogrammed_prog,reprogrammed_prog
-1.7997417,2.799931,reprogrammed_prog,reprogrammed_prog
-1.1230934,1.2223337,reprogrammed_prog,reprogrammed_prog
-1.0724776,1.7622722,reprogrammed_prog,reprogrammed_prog
-1.8350619,2.5482192,reprogrammed_prog,reprogrammed_prog
-1.1961222,1.0370194,reprogrammed_prog,reprogrammed_prog
-1.5331912,1.0915267,failed_prog,reprogrammed_prog
-0.9615279,2.1657853,reprogrammed_prog,reprogrammed_prog
-1.5803715,1.8081483,reprogrammed_prog,reprogrammed_prog
-1.942809,2.5610642,reprogrammed_prog,reprogrammed_prog
-0.004709366,0.7898572,reprogrammed_prog,reprogrammed_prog
-2.9288244,1.561992,reprogrammed_prog,reprogrammed_prog
-1.669888,0.93191254,reprogrammed_prog,reprogrammed_prog
-1.9073287,2.714445,reprogrammed_prog,reprogrammed_prog
-1.5716536,1.2667744,failed_prog,reprogrammed_prog
-2.190172,2.2647476,failed_prog,reprogrammed_prog
-0.97256607,2.2782393,reprogrammed_prog,reprogrammed_prog
-2.0692883,2.8359082,reprogrammed_prog,reprogrammed_prog
-1.1377236,0.7451116,reprogrammed_prog,reprogrammed_prog
-1.2337569,1.7426894,reprogrammed_prog,reprogrammed_prog
-1.8107882,2.2956717,reprogrammed_prog,reprogrammed_prog
-1.3184485,0.74778515,reprogrammed_prog,reprogrammed_prog
-1.5712478,2.3408327,reprogrammed_prog,reprogrammed_prog
-3.1991684,1.059086,reprogrammed_prog,failed_prog
-0.10997591,-0.7862451,failed_prog,failed_prog
-1.2721311,-0.7823609,failed_prog,failed_prog
-0.9744648,-2.359644,failed_prog,failed_prog
0.3146466,-1.4925798,failed_prog,failed_prog
-0.028957427,-0.7401683,failed_prog,failed_prog
0.48212567,-1.1363173,failed_prog,failed_prog
-0.5861633,-0.91983473,failed_prog,failed_prog
-0.2660899,-0.1620049,reprogrammed_prog,failed_prog
0.42554232,-0.1613414,failed_prog,failed_prog
-0.37441456,0.14780475,failed_prog,failed_prog
-0.97892785,-0.40456736,failed_prog,failed_prog
-0.21872234,-0.08827381,reprogrammed_prog,failed_prog
0.04013923,-0.84487534,failed_prog,failed_prog
-0.72661686,-0.394089,failed_prog,failed_prog
-0.09306059,-0.88549334,failed_prog,failed_prog
-0.4673124,-0.7723361,failed_prog,failed_prog
-0.4400035,-1.2335254,failed_prog,failed_prog
0.30546725,-0.9773258,failed_prog,failed_prog
-0.17091735,-0.022741724,reprogrammed_prog,failed_prog
-0.24744362,-0.79022664,failed_prog,failed_prog
-0.28309256,-0.93352467,failed_prog,failed_prog
-0.7507264,-0.16198042,failed_prog,failed_prog
0.4816888,-1.027511,failed_prog,failed_prog
-0.03617758,-0.7315517,failed_prog,failed_prog
1.0006101,-1.075295,failed_prog,failed_prog
-0.577978,-0.9947983,failed_prog,failed_prog
-0.17884253,0.5144704,reprogrammed_prog,failed_prog
-1.498526,0.049040046,failed_prog,failed_prog
-1.0000373,-1.720074,failed_prog,failed_prog
-0.68030924,-0.8156764,reprogrammed_prog,failed_prog
-0.6300872,-1.4759698,failed_prog,failed_prog
-1.3723161,0.02593362,failed_prog,failed_prog
-0.81058866,-0.9822561,failed_prog,failed_prog
-0.60278577,-1.7369581,failed_prog,failed_prog
-0.75078845,-1.8632325,failed_prog,failed_prog
-0.99241126,-1.150561,failed_prog,failed_prog
-0.8378684,-1.6743003,failed_prog,failed_prog
-0.64359635,-1.4845755,failed_prog,failed_prog
1.3365024,0.96793926,failed_prog,failed_prog
-0.14243641,-1.0291026,failed_prog,failed_prog
-0.69191974,-1.421259,failed_prog,failed_prog
-0.9376338,-0.73960155,failed_prog,failed_prog
-0.15664247,-0.6548983,failed_prog,failed_prog
-1.0734704,-0.6059661,failed_prog,failed_prog
-0.31186864,-1.3620483,failed_prog,failed_prog
-0.42213416,-0.19622692,failed_prog,failed_prog
-0.13562576,-1.4214547,failed_prog,failed_prog
-1.047194,-0.64097255,failed_prog,failed_prog
-0.79342127,-1.7513613,failed_prog,failed_prog
-0.24819471,-0.18774645,failed_prog,failed_prog
-2.0046391,-0.72912645,reprogrammed_prog,failed_prog
-1.0102868,-0.55335605,failed_prog,failed_prog
0.6191861,-1.4835651,failed_prog,failed_prog
-0.89161974,-1.4688292,failed_prog,failed_prog
-0.74049455,-1.0776079,failed_prog,failed_prog
-0.51153475,-1.0272585,failed_prog,failed_prog
-0.42893878,-1.4383075,failed_prog,failed_prog
-0.5757926,-1.0146201,failed_prog,failed_prog
-0.31122455,0.19975069,failed_prog,failed_prog
-0.33443442,-1.228648,failed_prog,failed_prog
0.734489,-0.5241965,failed_prog,failed_prog
-1.3128381,0.15019281,failed_prog,failed_prog
-1.0666641,-0.023791589,failed_prog,failed_prog
-0.92621815,-0.20408218,failed_prog,failed_prog
-1.3240973,-0.92964613,failed_prog,failed_prog
-0.5399812,-1.6110877,failed_prog,failed_prog
-0.71746135,-1.5862964,failed_prog,failed_prog
-1.0974334,-1.3516747,failed_prog,failed_prog
-0.79467213,-1.4761093,failed_prog,failed_prog
-0.34334877,-0.8332952,failed_prog,failed_prog
-0.74557036,-1.3704214,failed_prog,failed_prog
0.56437653,-1.5230037,failed_prog,failed_prog
-0.66403425,-1.3070184,failed_prog,failed_prog
-0.53401226,-1.5724943,failed_prog,failed_prog
-1.1735907,-0.27807176,failed_prog,failed_prog
0.711989,-1.2475433,failed_prog,failed_prog
-0.8490747,-2.0551224,failed_prog,failed_prog
-0.7735991,-1.4001479,failed_prog,failed_prog
-0.749755,-1.0188069,failed_prog,failed_prog
0.1451305,-0.68774414,failed_prog,failed_prog
1.3735365,-1.2262448,failed_prog,failed_prog
-1.1621885,-0.8377571,failed_prog,failed_prog
-0.6392664,-1.6160939,failed_prog,failed_prog
1.6879077,-0.87204796,failed_prog,failed_prog
-0.68871534,-1.2041293,failed_prog,failed_prog
0.06609541,0.18440716,reprogrammed_prog,failed_prog
-0.5094862,0.1343987,failed_prog,failed_prog
-0.3626817,-0.98425806,failed_prog,failed_prog
-0.8924067,-1.919147,failed_prog,failed_prog
-0.011915483,-0.17407973,reprogrammed_prog,failed_prog
-1.0742536,-1.1937193,failed_prog,failed_prog
-0.20232181,-1.032643,failed_prog,failed_prog
-1.2413929,-0.23576313,failed_prog,failed_prog
-1.1265985,-0.10875568,failed_prog,failed_prog
-0.6369325,-1.5491734,failed_prog,failed_prog
-0.60450774,-1.4134256,failed_prog,failed_prog
-0.4268155,-0.38141888,reprogrammed_prog,failed_prog
-0.94291323,-1.7341202,failed_prog,failed_prog
-0.7523412,-0.8871687,failed_prog,failed_prog
-0.67503023,-1.4184691,failed_prog,failed_prog
-1.1358116,-1.521949,failed_prog,failed_prog
-0.43823862,-1.5441062,failed_prog,failed_prog
-0.39585042,-0.9249972,failed_prog,failed_prog
-0.70373476,-0.04968487,failed_prog,failed_prog
0.08911567,-1.4818914,failed_prog,failed_prog
-0.9996722,-0.5960318,failed_prog,failed_prog
-0.4533534,-0.8845767,failed_prog,failed_prog
-0.55733407,-1.2487606,failed_prog,failed_prog
-0.05619151,-0.5448858,failed_prog,failed_prog
-0.7887914,-1.6622342,failed_prog,failed_prog
0.40275648,-0.14202748,failed_prog,failed_prog
0.6346685,-1.0963985,failed_prog,failed_prog
0.20644219,-0.03499575,reprogrammed_prog,failed_prog
-1.1269408,-0.967962,failed_prog,failed_prog
-0.4355233,-1.4016241,failed_prog,failed_prog
-0.021684641,-0.86550635,reprogrammed_prog,failed_prog
-0.48284838,-1.7487667,failed_prog,failed_prog
-0.9558244,-2.0379727,failed_prog,failed_prog
-0.10144312,-1.2386708,failed_prog,failed_prog
-1.0992198,-1.178951,failed_prog,failed_prog
0.49998543,-1.373233,failed_prog,failed_prog
-0.38447577,-1.1523324,failed_prog,failed_prog
-0.97671974,-0.9976208,failed_prog,failed_prog
-0.7965555,-1.5539758,failed_prog,failed_prog
-1.0617452,-0.44644657,failed_prog,failed_prog
0.53839904,-1.0617824,failed_prog,failed_prog
-0.20128222,-0.16963506,failed_prog,failed_prog
0.30643737,-0.9056472,failed_prog,failed_prog
1.084698,1.1648268,failed_prog,failed_prog
-1.080028,-1.2377852,failed_prog,failed_prog
-0.9217007,-1.3554504,failed_prog,failed_prog
-1.0251322,-1.8979981,failed_prog,failed_prog
-0.6754916,-1.4809519,failed_prog,failed_prog
-1.2659439,-2.301941,failed_prog,failed_prog
-1.3433208,-1.3051672,failed_prog,failed_prog
-0.7848397,-0.57194346,failed_prog,failed_prog
-0.5852776,-1.6016388,failed_prog,failed_prog
-0.7247522,-1.4185945,failed_prog,failed_prog
-0.7562822,-1.2044041,failed_prog,failed_prog
-0.9993372,-1.716693,failed_prog,failed_prog
-0.11819619,-0.11095114,reprogrammed_prog,failed_prog
-0.2526182,-1.661203,failed_prog,failed_prog
-0.82317495,-1.8326406,failed_prog,failed_prog
-1.034579,-1.200728,failed_prog,failed_prog
-0.74426603,-1.3273693,failed_prog,failed_prog
-0.7142697,-0.4869861,reprogrammed_prog,failed_prog
-0.08137844,-1.2903506,failed_prog,failed_prog
-1.2662776,-0.029031042,failed_prog,failed_prog
-0.7649111,-1.962652,failed_prog,failed_prog
0.59408486,-0.8383877,failed_prog,failed_prog
0.4536303,-1.1209759,failed_prog,failed_prog
-0.25286773,-1.6326549,failed_prog,failed_prog
-0.42871562,-1.0689536,failed_prog,failed_prog
-1.1781018,-2.1144865,failed_prog,failed_prog
0.452517,-0.84520787,failed_prog,failed_prog
0.5705545,-0.939322,failed_prog,failed_prog
-0.28633845,-1.1985903,failed_prog,failed_prog
-0.6659602,0.094802484,failed_prog,failed_prog
-0.5864342,-1.3652283,failed_prog,failed_prog
-1.0609721,-2.117482,failed_prog,failed_prog
-0.6420165,-1.0474807,reprogrammed_prog,failed_prog
-0.60556483,-1.4967325,failed_prog,failed_prog
-0.16879392,-0.50140876,failed_prog,failed_prog
-0.643716,0.07072055,reprogrammed_prog,failed_prog
-0.3752406,-1.3334193,failed_prog,failed_prog
0.6373917,-1.4466232,failed_prog,failed_prog
-0.8456127,-0.92543364,failed_prog,failed_prog
-0.43050805,-1.6009159,failed_prog,failed_prog
-0.8449253,-1.4730062,failed_prog,failed_prog
-0.79689777,-0.48893616,failed_prog,failed_prog
0.083045885,-1.3901775,failed_prog,failed_prog
0.99327046,-0.40156788,failed_prog,failed_prog
0.92539746,-0.51939195,failed_prog,failed_prog
0.27895543,-0.28353736,failed_prog,failed_prog
1.7103355,0.06461612,failed_prog,failed_prog
0.8574319,-0.07446363,failed_prog,failed_prog
1.5828971,0.24517146,failed_prog,failed_prog
0.17575625,0.3576772,failed_prog,failed_prog
-3.2924023,0.6224928,failed_prog,failed_prog
1.058388,-0.23336227,failed_prog,failed_prog
0.95840204,-0.37764204,failed_prog,failed_prog
1.0082932,-0.4806011,failed_prog,failed_prog
1.1583654,-0.14436565,failed_prog,failed_prog
0.97157264,-0.22657831,failed_prog,failed_prog
1.0725251,0.6660184,failed_prog,failed_prog
0.603806,0.14791697,failed_prog,failed_prog
0.5544335,0.0744051,failed_prog,failed_prog
1.1076558,-0.03769014,failed_prog,failed_prog
1.7173207,0.6699748,failed_prog,failed_prog
1.0519668,-0.24107146,failed_prog,failed_prog
0.025323829,0.5565595,failed_prog,failed_prog
0.58445525,1.2168945,reprogrammed_prog,failed_prog
1.0592824,-0.22146836,failed_prog,failed_prog
0.9790445,-0.2884831,failed_prog,failed_prog
0.8038388,-0.4838187,failed_prog,failed_prog
-0.24062599,0.86456615,failed_prog,failed_prog
1.4827812,-0.21716098,failed_prog,failed_prog
0.76840407,-0.46542442,failed_prog,failed_prog
0.06195849,0.8479834,failed_prog,failed_prog
1.069071,0.022411946,failed_prog,failed_prog
0.62598747,-0.0021050414,failed_prog,failed_prog
0.8092839,0.11945251,failed_prog,failed_prog
1.135959,0.46548092,failed_prog,failed_prog
1.0214595,-0.37516603,failed_prog,failed_prog
1.2842549,-0.5270046,failed_prog,failed_prog
0.54994345,0.13177858,failed_prog,failed_prog
1.01133,-0.30507928,failed_prog,failed_prog
0.249093,0.5545035,failed_prog,failed_prog
1.1769955,0.5435831,failed_prog,failed_prog
0.4578607,-0.17194475,failed_prog,failed_prog
0.9466457,0.21345489,failed_prog,failed_prog
0.960612,-0.14446346,failed_prog,failed_prog
0.97954524,-0.34978068,failed_prog,failed_prog
1.3880569,-0.4918296,failed_prog,failed_prog
0.61644137,0.174505,failed_prog,failed_prog
1.1553869,0.72732633,failed_prog,failed_prog
0.918902,-0.040880837,failed_prog,failed_prog
1.2413383,-0.17113957,failed_prog,failed_prog
0.83504176,-0.17771515,failed_prog,failed_prog
2.1455235,0.19060284,failed_prog,failed_prog
0.040215205,0.6135155,failed_prog,failed_prog
1.2622384,-0.24516839,failed_prog,failed_prog
1.1410855,-0.60465556,failed_prog,failed_prog
1.5351565,-0.19057976,failed_prog,failed_prog
0.92080593,-0.14253147,failed_prog,failed_prog
1.5208414,-0.21477015,failed_prog,failed_prog
0.97332066,-0.32991913,failed_prog,failed_prog
1.2016335,-0.36387157,failed_prog,failed_prog
1.0261849,-0.24300738,failed_prog,failed_prog
0.8368632,-0.028025478,failed_prog,failed_prog
0.99620616,0.096486256,failed_prog,failed_prog
0.74112767,-0.41777635,failed_prog,failed_prog
0.72175574,0.573,failed_prog,failed_prog
0.9391977,-0.42598557,failed_prog,failed_prog
1.0900844,-0.32316646,failed_prog,failed_prog
0.6353199,0.020015582,failed_prog,failed_prog
0.86351055,0.0014533898,failed_prog,failed_prog
0.3901921,0.30102894,failed_prog,failed_prog
1.6110026,-0.19369626,failed_prog,failed_prog
1.1073471,-0.560476,failed_prog,failed_prog
-0.26668558,0.64621305,failed_prog,failed_prog
1.2203424,-0.006700335,failed_prog,failed_prog
0.9752093,-0.39677924,failed_prog,failed_prog
0.77087563,-0.7905736,failed_prog,failed_prog
-0.72594017,0.567778,reprogrammed_prog,failed_prog
0.41766655,0.29948384,reprogrammed_prog,failed_prog
0.23834938,0.012438412,failed_prog,failed_prog
0.32039705,0.20397808,failed_prog,failed_prog
1.3544918,-0.18330348,failed_prog,failed_prog
1.4812288,-0.40342823,failed_prog,failed_prog
1.2538506,-0.37296963,failed_prog,failed_prog
0.53891844,-0.5577217,failed_prog,failed_prog
0.871836,0.19678737,failed_prog,failed_prog
0.57324106,0.169723,failed_prog,failed_prog
1.0155978,-0.30851632,failed_prog,failed_prog
0.650991,-0.063255996,failed_prog,failed_prog
0.36522403,0.11901391,failed_prog,failed_prog
1.4506664,-0.35401613,failed_prog,failed_prog
0.3904693,0.19597395,failed_prog,failed_prog
1.0818496,-0.22374165,failed_prog,failed_prog
0.278543,0.31652257,failed_prog,failed_prog
0.7159067,-0.059251707,failed_prog,failed_prog
1.1516452,-0.5001917,failed_prog,failed_prog
1.4676704,-0.29173478,failed_prog,failed_prog
1.2610403,-0.02255171,failed_prog,failed_prog
1.0812477,-0.31680444,failed_prog,failed_prog
0.7993184,0.42544734,failed_prog,failed_prog
0.629466,-0.23200645,failed_prog,failed_prog
0.8873534,-0.47797433,failed_prog,failed_prog
-0.98568404,0.5525382,reprogrammed_prog,failed_prog
0.979888,-0.46203974,failed_prog,failed_prog
0.87306774,-0.289853,failed_prog,failed_prog
0.24078548,0.15516466,failed_prog,failed_prog
-0.38521776,0.7363062,failed_prog,failed_prog
1.0237973,-0.26150844,failed_prog,failed_prog
1.2895628,-0.3572165,failed_prog,failed_prog
1.9541739,0.022103218,failed_prog,failed_prog
1.0281835,-0.37816253,failed_prog,failed_prog
-0.0873509,-0.12312731,failed_prog,failed_prog
1.0224556,-0.39046717,failed_prog,failed_prog
0.36502323,0.057798486,failed_prog,failed_prog
1.2344054,-0.54870206,failed_prog,failed_prog
1.3263607,-0.25601634,failed_prog,failed_prog
1.0700399,-0.09790178,failed_prog,failed_prog
0.8346332,0.070061736,failed_prog,failed_prog
1.5090011,-0.18246667,failed_prog,failed_prog
-0.32364124,0.92542934,failed_prog,failed_prog
1.2194661,-0.26362684,failed_prog,failed_prog
1.3912903,-0.5079938,failed_prog,failed_prog
0.5742932,0.093885735,failed_prog,failed_prog
1.1456325,-0.18565346,failed_prog,failed_prog
1.0779377,-0.4918548,failed_prog,failed_prog
1.2455971,-0.26045516,failed_prog,failed_prog
0.8524716,-0.045112167,failed_prog,failed_prog
1.385804,-0.44544813,failed_prog,failed_prog
1.0905309,-0.44547144,failed_prog,failed_prog
0.66837656,-0.0011699562,failed_prog,failed_prog
0.6779574,0.06276547,failed_prog,failed_prog
0.8751988,0.04612693,failed_prog,failed_prog
1.3306739,-0.2036714,failed_prog,failed_prog
-0.37935266,0.7098205,failed_prog,failed_prog
1.4553311,-0.24658321,failed_prog,failed_prog
0.08902547,0.2943858,failed_prog,failed_prog
1.0216842,0.13447581,failed_prog,failed_prog
0.39711234,0.19561748,failed_prog,failed_prog
2.4982922,0.08028012,failed_prog,failed_prog
1.5339648,-0.4701427,failed_prog,failed_prog
0.84804344,-0.10074686,failed_prog,failed_prog
0.7230462,-0.17697534,failed_prog,failed_prog
1.6858432,0.16542475,failed_prog,failed_prog
0.015513416,0.4148066,failed_prog,failed_prog
0.105674356,1.1957029,failed_prog,failed_prog
0.89976704,0.2346085,failed_prog,failed_prog
1.1029596,-0.41929328,failed_prog,failed_prog
1.0297372,0.072223656,failed_prog,failed_prog
1.0049692,-0.17495598,failed_prog,failed_prog
1.2097986,0.037028633,failed_prog,failed_prog
1.1139235,-0.44311237,failed_prog,failed_prog
1.3375882,-0.5354972,failed_prog,failed_prog
1.4059602,-0.5512931,failed_prog,failed_prog
0.15737902,0.63697726,failed_prog,failed_prog
1.1472756,-0.32256916,failed_prog,failed_prog
-0.6595123,0.118458316,failed_prog,failed_prog
1.9229919,0.04061969,failed_prog,failed_prog
0.5862772,0.057626452,failed_prog,failed_prog
0.7522201,-0.13546081,failed_prog,failed_prog
1.6578248,-0.013016317,failed_prog,failed_prog
-0.3808316,0.1450694,reprogrammed_prog,failed_prog
1.1578842,-0.2612152,failed_prog,failed_prog
0.8677634,-0.24358127,failed_prog,failed_prog
1.114678,-0.24612476,failed_prog,failed_prog
0.8042103,-0.25226006,failed_prog,failed_prog
1.7426283,-0.009090056,failed_prog,failed_prog
1.5451368,-0.08328622,failed_prog,failed_prog
1.2966746,-0.19674355,failed_prog,failed_prog
-0.045565795,1.3259498,failed_prog,failed_prog
0.66083467,-0.29479107,failed_prog,failed_prog
0.70902807,0.17112283,failed_prog,failed_prog
0.70524186,-0.059945006,failed_prog,failed_prog
0.47275862,0.41416818,failed_prog,failed_prog
1.2312783,-0.27995056,failed_prog,failed_prog
1.9067177,0.50291806,failed_prog,failed_prog
0.13355836,-0.45913464,failed_prog,failed_prog
-0.30248266,0.27221894,failed_prog,failed_prog
-0.20231837,0.7251793,reprogrammed_prog,failed_prog
1.1578841,-0.59567696,failed_prog,failed_prog
0.5723587,0.184891,reprogrammed_prog,failed_prog
-0.14066803,0.5656408,reprogrammed_prog,failed_prog
1.1034777,-0.5334738,failed_prog,failed_prog
-0.6813151,2.1174378,failed_prog,failed_prog
-0.756508,1.9239073,failed_prog,failed_prog
